images,labels,video_id
/work/cvcs2026/latent_space_cowboys/datasets/HemoSet/pig1/imgs/000000.png,/work/cvcs2026/latent_space_cowboys/datasets/HemoSet/pig1/labels/000000_mask.png,pig1
/work/cvcs2026/latent_space_cowboys/datasets/HemoSet/pig1/imgs/000030.png,/work/cvcs2026/latent_space_cowboys/datasets/HemoSet/pig1/labels/000030_mask.png,pig1
/work/cvcs2026/latent_space_cowboys/datasets/HemoSet/pig1/imgs/000060.png,/work/cvcs2026/latent_space_cowboys/datasets/HemoSet/pig1/labels/000060_mask.png,pig1
/work/cvcs2026/latent_space_cowboys/datasets/HemoSet/pig1/imgs/000090.png,/work/cvcs2026/latent_space_cowboys/datasets/HemoSet/pig1/labels/000090_mask.png,pig1
/work/cvcs2026/latent_space_cowboys/datasets/HemoSet/pig1/imgs/000120.png,/work/cvcs2026/latent_space_cowboys/datasets/HemoSet/pig1/labels/000120_mask.png,pig1
/work/cvcs2026/latent_space_cowboys/datasets/HemoSet/pig1/imgs/000150.png,/work/cvcs2026/latent_space_cowboys/datasets/HemoSet/pig1/labels/000150_mask.png,pig1
/work/cvcs2026/latent_space_cowboys/datasets/HemoSet/pig1/imgs/000180.png,/work/cvcs2026/latent_space_cowboys/datasets/HemoSet/pig1/labels/000180_mask.png,pig1
/work/cvcs2026/latent_space_cowboys/datasets/HemoSet/pig1/imgs/000210.png,/work/cvcs2026/latent_space_cowboys/datasets/HemoSet/pig1/labels/000210_mask.png,pig1
/work/cvcs2026/latent_space_cowboys/datasets/HemoSet/pig1/imgs/000240.png,/work/cvcs2026/latent_space_cowboys/datasets/HemoSet/pig1/labels/000240_mask.png,pig1
/work/cvcs2026/latent_space_cowboys/datasets/HemoSet/pig1/imgs/000270.png,/work/cvcs2026/latent_space_cowboys/datasets/HemoSet/pig1/labels/000270_mask.png,pig1
/work/cvcs2026/latent_space_cowboys/datasets/HemoSet/pig1/imgs/000300.png,/work/cvcs2026/latent_space_cowboys/datasets/HemoSet/pig1/labels/000300_mask.png,pig1
/work/cvcs2026/latent_space_cowboys/datasets/HemoSet/pig1/imgs/000330.png,/work/cvcs2026/latent_space_cowboys/datasets/HemoSet/pig1/labels/000330_mask.png,pig1
/work/cvcs2026/latent_space_cowboys/datasets/HemoSet/pig1/imgs/000360.png,/work/cvcs2026/latent_space_cowboys/datasets/HemoSet/pig1/labels/000360_mask.png,pig1
/work/cvcs2026/latent_space_cowboys/datasets/HemoSet/pig1/imgs/000390.png,/work/cvcs2026/latent_space_cowboys/datasets/HemoSet/pig1/labels/000390_mask.png,pig1
/work/cvcs2026/latent_space_cowboys/datasets/HemoSet/pig1/imgs/000420.png,/work/cvcs2026/latent_space_cowboys/datasets/HemoSet/pig1/labels/000420_mask.png,pig1
/work/cvcs2026/latent_space_cowboys/datasets/HemoSet/pig1/imgs/000450.png,/work/cvcs2026/latent_space_cowboys/datasets/HemoSet/pig1/labels/000450_mask.png,pig1
/work/cvcs2026/latent_space_cowboys/datasets/HemoSet/pig1/imgs/000480.png,/work/cvcs2026/latent_space_cowboys/datasets/HemoSet/pig1/labels/000480_mask.png,pig1
/work/cvcs2026/latent_space_cowboys/datasets/HemoSet/pig1/imgs/000510.png,/work/cvcs2026/latent_space_cowboys/datasets/HemoSet/pig1/labels/000510_mask.png,pig1
/work/cvcs2026/latent_space_cowboys/datasets/HemoSet/pig1/imgs/000540.png,/work/cvcs2026/latent_space_cowboys/datasets/HemoSet/pig1/labels/000540_mask.png,pig1
/work/cvcs2026/latent_space_cowboys/datasets/HemoSet/pig1/imgs/000570.png,/work/cvcs2026/latent_space_cowboys/datasets/HemoSet/pig1/labels/000570_mask.png,pig1
/work/cvcs2026/latent_space_cowboys/datasets/HemoSet/pig1/imgs/000600.png,/work/cvcs2026/latent_space_cowboys/datasets/HemoSet/pig1/labels/000600_mask.png,pig1
/work/cvcs2026/latent_space_cowboys/datasets/HemoSet/pig1/imgs/000630.png,/work/cvcs2026/latent_space_cowboys/datasets/HemoSet/pig1/labels/000630_mask.png,pig1
/work/cvcs2026/latent_space_cowboys/datasets/HemoSet/pig1/imgs/000660.png,/work/cvcs2026/latent_space_cowboys/datasets/HemoSet/pig1/labels/000660_mask.png,pig1
/work/cvcs2026/latent_space_cowboys/datasets/HemoSet/pig1/imgs/000690.png,/work/cvcs2026/latent_space_cowboys/datasets/HemoSet/pig1/labels/000690_mask.png,pig1
/work/cvcs2026/latent_space_cowboys/datasets/HemoSet/pig1/imgs/000720.png,/work/cvcs2026/latent_space_cowboys/datasets/HemoSet/pig1/labels/000720_mask.png,pig1
/work/cvcs2026/latent_space_cowboys/datasets/HemoSet/pig1/imgs/000750.png,/work/cvcs2026/latent_space_cowboys/datasets/HemoSet/pig1/labels/000750_mask.png,pig1
/work/cvcs2026/latent_space_cowboys/datasets/HemoSet/pig1/imgs/000780.png,/work/cvcs2026/latent_space_cowboys/datasets/HemoSet/pig1/labels/000780_mask.png,pig1
/work/cvcs2026/latent_space_cowboys/datasets/HemoSet/pig1/imgs/000810.png,/work/cvcs2026/latent_space_cowboys/datasets/HemoSet/pig1/labels/000810_mask.png,pig1
/work/cvcs2026/latent_space_cowboys/datasets/HemoSet/pig1/imgs/000840.png,/work/cvcs2026/latent_space_cowboys/datasets/HemoSet/pig1/labels/000840_mask.png,pig1
/work/cvcs2026/latent_space_cowboys/datasets/HemoSet/pig1/imgs/000870.png,/work/cvcs2026/latent_space_cowboys/datasets/HemoSet/pig1/labels/000870_mask.png,pig1
/work/cvcs2026/latent_space_cowboys/datasets/HemoSet/pig1/imgs/000900.png,/work/cvcs2026/latent_space_cowboys/datasets/HemoSet/pig1/labels/000900_mask.png,pig1
/work/cvcs2026/latent_space_cowboys/datasets/HemoSet/pig1/imgs/000930.png,/work/cvcs2026/latent_space_cowboys/datasets/HemoSet/pig1/labels/000930_mask.png,pig1
/work/cvcs2026/latent_space_cowboys/datasets/HemoSet/pig1/imgs/000960.png,/work/cvcs2026/latent_space_cowboys/datasets/HemoSet/pig1/labels/000960_mask.png,pig1
/work/cvcs2026/latent_space_cowboys/datasets/HemoSet/pig1/imgs/000990.png,/work/cvcs2026/latent_space_cowboys/datasets/HemoSet/pig1/labels/000990_mask.png,pig1
/work/cvcs2026/latent_space_cowboys/datasets/HemoSet/pig1/imgs/001020.png,/work/cvcs2026/latent_space_cowboys/datasets/HemoSet/pig1/labels/001020_mask.png,pig1
/work/cvcs2026/latent_space_cowboys/datasets/HemoSet/pig1/imgs/001050.png,/work/cvcs2026/latent_space_cowboys/datasets/HemoSet/pig1/labels/001050_mask.png,pig1
/work/cvcs2026/latent_space_cowboys/datasets/HemoSet/pig1/imgs/001080.png,/work/cvcs2026/latent_space_cowboys/datasets/HemoSet/pig1/labels/001080_mask.png,pig1
/work/cvcs2026/latent_space_cowboys/datasets/HemoSet/pig1/imgs/001100.png,/work/cvcs2026/latent_space_cowboys/datasets/HemoSet/pig1/labels/001100_mask.png,pig1
/work/cvcs2026/latent_space_cowboys/datasets/HemoSet/pig1/imgs/001130.png,/work/cvcs2026/latent_space_cowboys/datasets/HemoSet/pig1/labels/001130_mask.png,pig1
/work/cvcs2026/latent_space_cowboys/datasets/HemoSet/pig1/imgs/001160.png,/work/cvcs2026/latent_space_cowboys/datasets/HemoSet/pig1/labels/001160_mask.png,pig1
/work/cvcs2026/latent_space_cowboys/datasets/HemoSet/pig1/imgs/001190.png,/work/cvcs2026/latent_space_cowboys/datasets/HemoSet/pig1/labels/001190_mask.png,pig1
/work/cvcs2026/latent_space_cowboys/datasets/HemoSet/pig1/imgs/001220.png,/work/cvcs2026/latent_space_cowboys/datasets/HemoSet/pig1/labels/001220_mask.png,pig1
/work/cvcs2026/latent_space_cowboys/datasets/HemoSet/pig1/imgs/001250.png,/work/cvcs2026/latent_space_cowboys/datasets/HemoSet/pig1/labels/001250_mask.png,pig1
/work/cvcs2026/latent_space_cowboys/datasets/HemoSet/pig1/imgs/001280.png,/work/cvcs2026/latent_space_cowboys/datasets/HemoSet/pig1/labels/001280_mask.png,pig1
/work/cvcs2026/latent_space_cowboys/datasets/HemoSet/pig1/imgs/001310.png,/work/cvcs2026/latent_space_cowboys/datasets/HemoSet/pig1/labels/001310_mask.png,pig1
/work/cvcs2026/latent_space_cowboys/datasets/HemoSet/pig1/imgs/001340.png,/work/cvcs2026/latent_space_cowboys/datasets/HemoSet/pig1/labels/001340_mask.png,pig1
/work/cvcs2026/latent_space_cowboys/datasets/HemoSet/pig1/imgs/001370.png,/work/cvcs2026/latent_space_cowboys/datasets/HemoSet/pig1/labels/001370_mask.png,pig1
/work/cvcs2026/latent_space_cowboys/datasets/HemoSet/pig1/imgs/001400.png,/work/cvcs2026/latent_space_cowboys/datasets/HemoSet/pig1/labels/001400_mask.png,pig1
/work/cvcs2026/latent_space_cowboys/datasets/HemoSet/pig1/imgs/001430.png,/work/cvcs2026/latent_space_cowboys/datasets/HemoSet/pig1/labels/001430_mask.png,pig1
/work/cvcs2026/latent_space_cowboys/datasets/HemoSet/pig1/imgs/001460.png,/work/cvcs2026/latent_space_cowboys/datasets/HemoSet/pig1/labels/001460_mask.png,pig1
/work/cvcs2026/latent_space_cowboys/datasets/HemoSet/pig1/imgs/001490.png,/work/cvcs2026/latent_space_cowboys/datasets/HemoSet/pig1/labels/001490_mask.png,pig1
/work/cvcs2026/latent_space_cowboys/datasets/HemoSet/pig1/imgs/001550.png,/work/cvcs2026/latent_space_cowboys/datasets/HemoSet/pig1/labels/001550_mask.png,pig1
/work/cvcs2026/latent_space_cowboys/datasets/HemoSet/pig1/imgs/001610.png,/work/cvcs2026/latent_space_cowboys/datasets/HemoSet/pig1/labels/001610_mask.png,pig1
/work/cvcs2026/latent_space_cowboys/datasets/HemoSet/pig1/imgs/001670.png,/work/cvcs2026/latent_space_cowboys/datasets/HemoSet/pig1/labels/001670_mask.png,pig1
/work/cvcs2026/latent_space_cowboys/datasets/HemoSet/pig1/imgs/001730.png,/work/cvcs2026/latent_space_cowboys/datasets/HemoSet/pig1/labels/001730_mask.png,pig1
/work/cvcs2026/latent_space_cowboys/datasets/HemoSet/pig1/imgs/001790.png,/work/cvcs2026/latent_space_cowboys/datasets/HemoSet/pig1/labels/001790_mask.png,pig1
/work/cvcs2026/latent_space_cowboys/datasets/HemoSet/pig1/imgs/001850.png,/work/cvcs2026/latent_space_cowboys/datasets/HemoSet/pig1/labels/001850_mask.png,pig1
/work/cvcs2026/latent_space_cowboys/datasets/HemoSet/pig1/imgs/001910.png,/work/cvcs2026/latent_space_cowboys/datasets/HemoSet/pig1/labels/001910_mask.png,pig1
/work/cvcs2026/latent_space_cowboys/datasets/HemoSet/pig1/imgs/001970.png,/work/cvcs2026/latent_space_cowboys/datasets/HemoSet/pig1/labels/001970_mask.png,pig1
/work/cvcs2026/latent_space_cowboys/datasets/HemoSet/pig1/imgs/002030.png,/work/cvcs2026/latent_space_cowboys/datasets/HemoSet/pig1/labels/002030_mask.png,pig1
/work/cvcs2026/latent_space_cowboys/datasets/HemoSet/pig1/imgs/002090.png,/work/cvcs2026/latent_space_cowboys/datasets/HemoSet/pig1/labels/002090_mask.png,pig1
/work/cvcs2026/latent_space_cowboys/datasets/HemoSet/pig1/imgs/002150.png,/work/cvcs2026/latent_space_cowboys/datasets/HemoSet/pig1/labels/002150_mask.png,pig1
/work/cvcs2026/latent_space_cowboys/datasets/HemoSet/pig1/imgs/002210.png,/work/cvcs2026/latent_space_cowboys/datasets/HemoSet/pig1/labels/002210_mask.png,pig1
/work/cvcs2026/latent_space_cowboys/datasets/HemoSet/pig1/imgs/002270.png,/work/cvcs2026/latent_space_cowboys/datasets/HemoSet/pig1/labels/002270_mask.png,pig1
/work/cvcs2026/latent_space_cowboys/datasets/HemoSet/pig1/imgs/002330.png,/work/cvcs2026/latent_space_cowboys/datasets/HemoSet/pig1/labels/002330_mask.png,pig1
/work/cvcs2026/latent_space_cowboys/datasets/HemoSet/pig1/imgs/002390.png,/work/cvcs2026/latent_space_cowboys/datasets/HemoSet/pig1/labels/002390_mask.png,pig1
/work/cvcs2026/latent_space_cowboys/datasets/HemoSet/pig1/imgs/002450.png,/work/cvcs2026/latent_space_cowboys/datasets/HemoSet/pig1/labels/002450_mask.png,pig1
/work/cvcs2026/latent_space_cowboys/datasets/HemoSet/pig1/imgs/002510.png,/work/cvcs2026/latent_space_cowboys/datasets/HemoSet/pig1/labels/002510_mask.png,pig1
/work/cvcs2026/latent_space_cowboys/datasets/HemoSet/pig1/imgs/002570.png,/work/cvcs2026/latent_space_cowboys/datasets/HemoSet/pig1/labels/002570_mask.png,pig1
/work/cvcs2026/latent_space_cowboys/datasets/HemoSet/pig1/imgs/002690.png,/work/cvcs2026/latent_space_cowboys/datasets/HemoSet/pig1/labels/002690_mask.png,pig1
/work/cvcs2026/latent_space_cowboys/datasets/HemoSet/pig1/imgs/002750.png,/work/cvcs2026/latent_space_cowboys/datasets/HemoSet/pig1/labels/002750_mask.png,pig1
/work/cvcs2026/latent_space_cowboys/datasets/HemoSet/pig1/imgs/002810.png,/work/cvcs2026/latent_space_cowboys/datasets/HemoSet/pig1/labels/002810_mask.png,pig1
/work/cvcs2026/latent_space_cowboys/datasets/HemoSet/pig1/imgs/002870.png,/work/cvcs2026/latent_space_cowboys/datasets/HemoSet/pig1/labels/002870_mask.png,pig1
/work/cvcs2026/latent_space_cowboys/datasets/HemoSet/pig1/imgs/002930.png,/work/cvcs2026/latent_space_cowboys/datasets/HemoSet/pig1/labels/002930_mask.png,pig1
/work/cvcs2026/latent_space_cowboys/datasets/HemoSet/pig1/imgs/002990.png,/work/cvcs2026/latent_space_cowboys/datasets/HemoSet/pig1/labels/002990_mask.png,pig1
/work/cvcs2026/latent_space_cowboys/datasets/HemoSet/pig1/imgs/003050.png,/work/cvcs2026/latent_space_cowboys/datasets/HemoSet/pig1/labels/003050_mask.png,pig1
/work/cvcs2026/latent_space_cowboys/datasets/HemoSet/pig1/imgs/003110.png,/work/cvcs2026/latent_space_cowboys/datasets/HemoSet/pig1/labels/003110_mask.png,pig1
/work/cvcs2026/latent_space_cowboys/datasets/HemoSet/pig1/imgs/003140.png,/work/cvcs2026/latent_space_cowboys/datasets/HemoSet/pig1/labels/003140_mask.png,pig1
/work/cvcs2026/latent_space_cowboys/datasets/HemoSet/pig1/imgs/003200.png,/work/cvcs2026/latent_space_cowboys/datasets/HemoSet/pig1/labels/003200_mask.png,pig1
/work/cvcs2026/latent_space_cowboys/datasets/HemoSet/pig1/imgs/003260.png,/work/cvcs2026/latent_space_cowboys/datasets/HemoSet/pig1/labels/003260_mask.png,pig1
/work/cvcs2026/latent_space_cowboys/datasets/HemoSet/pig1/imgs/003320.png,/work/cvcs2026/latent_space_cowboys/datasets/HemoSet/pig1/labels/003320_mask.png,pig1
/work/cvcs2026/latent_space_cowboys/datasets/HemoSet/pig1/imgs/003380.png,/work/cvcs2026/latent_space_cowboys/datasets/HemoSet/pig1/labels/003380_mask.png,pig1
/work/cvcs2026/latent_space_cowboys/datasets/HemoSet/pig1/imgs/003440.png,/work/cvcs2026/latent_space_cowboys/datasets/HemoSet/pig1/labels/003440_mask.png,pig1
/work/cvcs2026/latent_space_cowboys/datasets/HemoSet/pig1/imgs/003480.png,/work/cvcs2026/latent_space_cowboys/datasets/HemoSet/pig1/labels/003480_mask.png,pig1
/work/cvcs2026/latent_space_cowboys/datasets/HemoSet/pig1/imgs/003540.png,/work/cvcs2026/latent_space_cowboys/datasets/HemoSet/pig1/labels/003540_mask.png,pig1
/work/cvcs2026/latent_space_cowboys/datasets/HemoSet/pig1/imgs/003600.png,/work/cvcs2026/latent_space_cowboys/datasets/HemoSet/pig1/labels/003600_mask.png,pig1
/work/cvcs2026/latent_space_cowboys/datasets/HemoSet/pig1/imgs/003660.png,/work/cvcs2026/latent_space_cowboys/datasets/HemoSet/pig1/labels/003660_mask.png,pig1
/work/cvcs2026/latent_space_cowboys/datasets/HemoSet/pig1/imgs/003720.png,/work/cvcs2026/latent_space_cowboys/datasets/HemoSet/pig1/labels/003720_mask.png,pig1
/work/cvcs2026/latent_space_cowboys/datasets/HemoSet/pig1/imgs/003780.png,/work/cvcs2026/latent_space_cowboys/datasets/HemoSet/pig1/labels/003780_mask.png,pig1
/work/cvcs2026/latent_space_cowboys/datasets/HemoSet/pig1/imgs/003840.png,/work/cvcs2026/latent_space_cowboys/datasets/HemoSet/pig1/labels/003840_mask.png,pig1
/work/cvcs2026/latent_space_cowboys/datasets/HemoSet/pig1/imgs/003900.png,/work/cvcs2026/latent_space_cowboys/datasets/HemoSet/pig1/labels/003900_mask.png,pig1
/work/cvcs2026/latent_space_cowboys/datasets/HemoSet/pig1/imgs/003960.png,/work/cvcs2026/latent_space_cowboys/datasets/HemoSet/pig1/labels/003960_mask.png,pig1
/work/cvcs2026/latent_space_cowboys/datasets/HemoSet/pig1/imgs/004020.png,/work/cvcs2026/latent_space_cowboys/datasets/HemoSet/pig1/labels/004020_mask.png,pig1
/work/cvcs2026/latent_space_cowboys/datasets/HemoSet/pig1/imgs/004080.png,/work/cvcs2026/latent_space_cowboys/datasets/HemoSet/pig1/labels/004080_mask.png,pig1
/work/cvcs2026/latent_space_cowboys/datasets/HemoSet/pig1/imgs/004140.png,/work/cvcs2026/latent_space_cowboys/datasets/HemoSet/pig1/labels/004140_mask.png,pig1
/work/cvcs2026/latent_space_cowboys/datasets/HemoSet/pig1/imgs/004200.png,/work/cvcs2026/latent_space_cowboys/datasets/HemoSet/pig1/labels/004200_mask.png,pig1
/work/cvcs2026/latent_space_cowboys/datasets/HemoSet/pig1/imgs/004260.png,/work/cvcs2026/latent_space_cowboys/datasets/HemoSet/pig1/labels/004260_mask.png,pig1
/work/cvcs2026/latent_space_cowboys/datasets/HemoSet/pig1/imgs/004320.png,/work/cvcs2026/latent_space_cowboys/datasets/HemoSet/pig1/labels/004320_mask.png,pig1
/work/cvcs2026/latent_space_cowboys/datasets/HemoSet/pig1/imgs/004380.png,/work/cvcs2026/latent_space_cowboys/datasets/HemoSet/pig1/labels/004380_mask.png,pig1
/work/cvcs2026/latent_space_cowboys/datasets/HemoSet/pig1/imgs/004440.png,/work/cvcs2026/latent_space_cowboys/datasets/HemoSet/pig1/labels/004440_mask.png,pig1
/work/cvcs2026/latent_space_cowboys/datasets/HemoSet/pig1/imgs/004500.png,/work/cvcs2026/latent_space_cowboys/datasets/HemoSet/pig1/labels/004500_mask.png,pig1
/work/cvcs2026/latent_space_cowboys/datasets/HemoSet/pig1/imgs/004560.png,/work/cvcs2026/latent_space_cowboys/datasets/HemoSet/pig1/labels/004560_mask.png,pig1
/work/cvcs2026/latent_space_cowboys/datasets/HemoSet/pig1/imgs/004620.png,/work/cvcs2026/latent_space_cowboys/datasets/HemoSet/pig1/labels/004620_mask.png,pig1
/work/cvcs2026/latent_space_cowboys/datasets/HemoSet/pig1/imgs/004680.png,/work/cvcs2026/latent_space_cowboys/datasets/HemoSet/pig1/labels/004680_mask.png,pig1
/work/cvcs2026/latent_space_cowboys/datasets/HemoSet/pig1/imgs/004740.png,/work/cvcs2026/latent_space_cowboys/datasets/HemoSet/pig1/labels/004740_mask.png,pig1
/work/cvcs2026/latent_space_cowboys/datasets/HemoSet/pig1/imgs/004800.png,/work/cvcs2026/latent_space_cowboys/datasets/HemoSet/pig1/labels/004800_mask.png,pig1
/work/cvcs2026/latent_space_cowboys/datasets/HemoSet/pig1/imgs/004860.png,/work/cvcs2026/latent_space_cowboys/datasets/HemoSet/pig1/labels/004860_mask.png,pig1
/work/cvcs2026/latent_space_cowboys/datasets/HemoSet/pig1/imgs/004900.png,/work/cvcs2026/latent_space_cowboys/datasets/HemoSet/pig1/labels/004900_mask.png,pig1
/work/cvcs2026/latent_space_cowboys/datasets/HemoSet/pig1/imgs/004960.png,/work/cvcs2026/latent_space_cowboys/datasets/HemoSet/pig1/labels/004960_mask.png,pig1
/work/cvcs2026/latent_space_cowboys/datasets/HemoSet/pig1/imgs/005020.png,/work/cvcs2026/latent_space_cowboys/datasets/HemoSet/pig1/labels/005020_mask.png,pig1
/work/cvcs2026/latent_space_cowboys/datasets/HemoSet/pig1/imgs/005080.png,/work/cvcs2026/latent_space_cowboys/datasets/HemoSet/pig1/labels/005080_mask.png,pig1
/work/cvcs2026/latent_space_cowboys/datasets/HemoSet/pig1/imgs/005140.png,/work/cvcs2026/latent_space_cowboys/datasets/HemoSet/pig1/labels/005140_mask.png,pig1
/work/cvcs2026/latent_space_cowboys/datasets/HemoSet/pig1/imgs/005200.png,/work/cvcs2026/latent_space_cowboys/datasets/HemoSet/pig1/labels/005200_mask.png,pig1
/work/cvcs2026/latent_space_cowboys/datasets/HemoSet/pig1/imgs/005260.png,/work/cvcs2026/latent_space_cowboys/datasets/HemoSet/pig1/labels/005260_mask.png,pig1
/work/cvcs2026/latent_space_cowboys/datasets/HemoSet/pig1/imgs/005320.png,/work/cvcs2026/latent_space_cowboys/datasets/HemoSet/pig1/labels/005320_mask.png,pig1
/work/cvcs2026/latent_space_cowboys/datasets/HemoSet/pig1/imgs/005380.png,/work/cvcs2026/latent_space_cowboys/datasets/HemoSet/pig1/labels/005380_mask.png,pig1
/work/cvcs2026/latent_space_cowboys/datasets/HemoSet/pig1/imgs/005440.png,/work/cvcs2026/latent_space_cowboys/datasets/HemoSet/pig1/labels/005440_mask.png,pig1
/work/cvcs2026/latent_space_cowboys/datasets/HemoSet/pig1/imgs/005500.png,/work/cvcs2026/latent_space_cowboys/datasets/HemoSet/pig1/labels/005500_mask.png,pig1
/work/cvcs2026/latent_space_cowboys/datasets/HemoSet/pig1/imgs/005560.png,/work/cvcs2026/latent_space_cowboys/datasets/HemoSet/pig1/labels/005560_mask.png,pig1
/work/cvcs2026/latent_space_cowboys/datasets/HemoSet/pig1/imgs/005620.png,/work/cvcs2026/latent_space_cowboys/datasets/HemoSet/pig1/labels/005620_mask.png,pig1
/work/cvcs2026/latent_space_cowboys/datasets/HemoSet/pig1/imgs/005680.png,/work/cvcs2026/latent_space_cowboys/datasets/HemoSet/pig1/labels/005680_mask.png,pig1
/work/cvcs2026/latent_space_cowboys/datasets/HemoSet/pig1/imgs/005740.png,/work/cvcs2026/latent_space_cowboys/datasets/HemoSet/pig1/labels/005740_mask.png,pig1
/work/cvcs2026/latent_space_cowboys/datasets/HemoSet/pig1/imgs/005800.png,/work/cvcs2026/latent_space_cowboys/datasets/HemoSet/pig1/labels/005800_mask.png,pig1
/work/cvcs2026/latent_space_cowboys/datasets/HemoSet/pig1/imgs/005860.png,/work/cvcs2026/latent_space_cowboys/datasets/HemoSet/pig1/labels/005860_mask.png,pig1
/work/cvcs2026/latent_space_cowboys/datasets/HemoSet/pig1/imgs/005920.png,/work/cvcs2026/latent_space_cowboys/datasets/HemoSet/pig1/labels/005920_mask.png,pig1
/work/cvcs2026/latent_space_cowboys/datasets/HemoSet/pig1/imgs/005980.png,/work/cvcs2026/latent_space_cowboys/datasets/HemoSet/pig1/labels/005980_mask.png,pig1
/work/cvcs2026/latent_space_cowboys/datasets/HemoSet/pig1/imgs/006040.png,/work/cvcs2026/latent_space_cowboys/datasets/HemoSet/pig1/labels/006040_mask.png,pig1
/work/cvcs2026/latent_space_cowboys/datasets/HemoSet/pig1/imgs/006100.png,/work/cvcs2026/latent_space_cowboys/datasets/HemoSet/pig1/labels/006100_mask.png,pig1
/work/cvcs2026/latent_space_cowboys/datasets/HemoSet/pig1/imgs/006170.png,/work/cvcs2026/latent_space_cowboys/datasets/HemoSet/pig1/labels/006170_mask.png,pig1
/work/cvcs2026/latent_space_cowboys/datasets/HemoSet/pig1/imgs/006230.png,/work/cvcs2026/latent_space_cowboys/datasets/HemoSet/pig1/labels/006230_mask.png,pig1
/work/cvcs2026/latent_space_cowboys/datasets/HemoSet/pig1/imgs/006290.png,/work/cvcs2026/latent_space_cowboys/datasets/HemoSet/pig1/labels/006290_mask.png,pig1
/work/cvcs2026/latent_space_cowboys/datasets/HemoSet/pig1/imgs/006340.png,/work/cvcs2026/latent_space_cowboys/datasets/HemoSet/pig1/labels/006340_mask.png,pig1
/work/cvcs2026/latent_space_cowboys/datasets/HemoSet/pig1/imgs/006400.png,/work/cvcs2026/latent_space_cowboys/datasets/HemoSet/pig1/labels/006400_mask.png,pig1
/work/cvcs2026/latent_space_cowboys/datasets/HemoSet/pig1/imgs/006460.png,/work/cvcs2026/latent_space_cowboys/datasets/HemoSet/pig1/labels/006460_mask.png,pig1
/work/cvcs2026/latent_space_cowboys/datasets/HemoSet/pig1/imgs/006520.png,/work/cvcs2026/latent_space_cowboys/datasets/HemoSet/pig1/labels/006520_mask.png,pig1
/work/cvcs2026/latent_space_cowboys/datasets/HemoSet/pig1/imgs/006580.png,/work/cvcs2026/latent_space_cowboys/datasets/HemoSet/pig1/labels/006580_mask.png,pig1
/work/cvcs2026/latent_space_cowboys/datasets/HemoSet/pig1/imgs/006640.png,/work/cvcs2026/latent_space_cowboys/datasets/HemoSet/pig1/labels/006640_mask.png,pig1
/work/cvcs2026/latent_space_cowboys/datasets/HemoSet/pig1/imgs/006700.png,/work/cvcs2026/latent_space_cowboys/datasets/HemoSet/pig1/labels/006700_mask.png,pig1
/work/cvcs2026/latent_space_cowboys/datasets/HemoSet/pig1/imgs/006760.png,/work/cvcs2026/latent_space_cowboys/datasets/HemoSet/pig1/labels/006760_mask.png,pig1
/work/cvcs2026/latent_space_cowboys/datasets/HemoSet/pig1/imgs/006820.png,/work/cvcs2026/latent_space_cowboys/datasets/HemoSet/pig1/labels/006820_mask.png,pig1
/work/cvcs2026/latent_space_cowboys/datasets/HemoSet/pig1/imgs/006880.png,/work/cvcs2026/latent_space_cowboys/datasets/HemoSet/pig1/labels/006880_mask.png,pig1
/work/cvcs2026/latent_space_cowboys/datasets/HemoSet/pig1/imgs/006940.png,/work/cvcs2026/latent_space_cowboys/datasets/HemoSet/pig1/labels/006940_mask.png,pig1
/work/cvcs2026/latent_space_cowboys/datasets/HemoSet/pig1/imgs/007000.png,/work/cvcs2026/latent_space_cowboys/datasets/HemoSet/pig1/labels/007000_mask.png,pig1
/work/cvcs2026/latent_space_cowboys/datasets/HemoSet/pig1/imgs/007060.png,/work/cvcs2026/latent_space_cowboys/datasets/HemoSet/pig1/labels/007060_mask.png,pig1
/work/cvcs2026/latent_space_cowboys/datasets/HemoSet/pig1/imgs/007120.png,/work/cvcs2026/latent_space_cowboys/datasets/HemoSet/pig1/labels/007120_mask.png,pig1
/work/cvcs2026/latent_space_cowboys/datasets/HemoSet/pig1/imgs/007180.png,/work/cvcs2026/latent_space_cowboys/datasets/HemoSet/pig1/labels/007180_mask.png,pig1
/work/cvcs2026/latent_space_cowboys/datasets/HemoSet/pig1/imgs/007240.png,/work/cvcs2026/latent_space_cowboys/datasets/HemoSet/pig1/labels/007240_mask.png,pig1
/work/cvcs2026/latent_space_cowboys/datasets/HemoSet/pig1/imgs/007300.png,/work/cvcs2026/latent_space_cowboys/datasets/HemoSet/pig1/labels/007300_mask.png,pig1
/work/cvcs2026/latent_space_cowboys/datasets/HemoSet/pig1/imgs/007360.png,/work/cvcs2026/latent_space_cowboys/datasets/HemoSet/pig1/labels/007360_mask.png,pig1
/work/cvcs2026/latent_space_cowboys/datasets/HemoSet/pig1/imgs/007400.png,/work/cvcs2026/latent_space_cowboys/datasets/HemoSet/pig1/labels/007400_mask.png,pig1
/work/cvcs2026/latent_space_cowboys/datasets/HemoSet/pig1/imgs/007460.png,/work/cvcs2026/latent_space_cowboys/datasets/HemoSet/pig1/labels/007460_mask.png,pig1
/work/cvcs2026/latent_space_cowboys/datasets/HemoSet/pig1/imgs/007500.png,/work/cvcs2026/latent_space_cowboys/datasets/HemoSet/pig1/labels/007500_mask.png,pig1
/work/cvcs2026/latent_space_cowboys/datasets/HemoSet/pig1/imgs/007543.png,/work/cvcs2026/latent_space_cowboys/datasets/HemoSet/pig1/labels/007543_mask.png,pig1
/work/cvcs2026/latent_space_cowboys/datasets/HemoSet/pig2/imgs/000000.png,/work/cvcs2026/latent_space_cowboys/datasets/HemoSet/pig2/labels/000000_mask.png,pig2
/work/cvcs2026/latent_space_cowboys/datasets/HemoSet/pig2/imgs/000060.png,/work/cvcs2026/latent_space_cowboys/datasets/HemoSet/pig2/labels/000060_mask.png,pig2
/work/cvcs2026/latent_space_cowboys/datasets/HemoSet/pig2/imgs/000120.png,/work/cvcs2026/latent_space_cowboys/datasets/HemoSet/pig2/labels/000120_mask.png,pig2
/work/cvcs2026/latent_space_cowboys/datasets/HemoSet/pig2/imgs/000180.png,/work/cvcs2026/latent_space_cowboys/datasets/HemoSet/pig2/labels/000180_mask.png,pig2
/work/cvcs2026/latent_space_cowboys/datasets/HemoSet/pig2/imgs/000240.png,/work/cvcs2026/latent_space_cowboys/datasets/HemoSet/pig2/labels/000240_mask.png,pig2
/work/cvcs2026/latent_space_cowboys/datasets/HemoSet/pig2/imgs/000300.png,/work/cvcs2026/latent_space_cowboys/datasets/HemoSet/pig2/labels/000300_mask.png,pig2
/work/cvcs2026/latent_space_cowboys/datasets/HemoSet/pig2/imgs/000360.png,/work/cvcs2026/latent_space_cowboys/datasets/HemoSet/pig2/labels/000360_mask.png,pig2
/work/cvcs2026/latent_space_cowboys/datasets/HemoSet/pig2/imgs/000420.png,/work/cvcs2026/latent_space_cowboys/datasets/HemoSet/pig2/labels/000420_mask.png,pig2
/work/cvcs2026/latent_space_cowboys/datasets/HemoSet/pig2/imgs/000480.png,/work/cvcs2026/latent_space_cowboys/datasets/HemoSet/pig2/labels/000480_mask.png,pig2
/work/cvcs2026/latent_space_cowboys/datasets/HemoSet/pig2/imgs/000540.png,/work/cvcs2026/latent_space_cowboys/datasets/HemoSet/pig2/labels/000540_mask.png,pig2
/work/cvcs2026/latent_space_cowboys/datasets/HemoSet/pig2/imgs/000600.png,/work/cvcs2026/latent_space_cowboys/datasets/HemoSet/pig2/labels/000600_mask.png,pig2
/work/cvcs2026/latent_space_cowboys/datasets/HemoSet/pig2/imgs/000660.png,/work/cvcs2026/latent_space_cowboys/datasets/HemoSet/pig2/labels/000660_mask.png,pig2
/work/cvcs2026/latent_space_cowboys/datasets/HemoSet/pig2/imgs/000720.png,/work/cvcs2026/latent_space_cowboys/datasets/HemoSet/pig2/labels/000720_mask.png,pig2
/work/cvcs2026/latent_space_cowboys/datasets/HemoSet/pig2/imgs/000780.png,/work/cvcs2026/latent_space_cowboys/datasets/HemoSet/pig2/labels/000780_mask.png,pig2
/work/cvcs2026/latent_space_cowboys/datasets/HemoSet/pig2/imgs/000840.png,/work/cvcs2026/latent_space_cowboys/datasets/HemoSet/pig2/labels/000840_mask.png,pig2
/work/cvcs2026/latent_space_cowboys/datasets/HemoSet/pig2/imgs/000900.png,/work/cvcs2026/latent_space_cowboys/datasets/HemoSet/pig2/labels/000900_mask.png,pig2
/work/cvcs2026/latent_space_cowboys/datasets/HemoSet/pig2/imgs/000960.png,/work/cvcs2026/latent_space_cowboys/datasets/HemoSet/pig2/labels/000960_mask.png,pig2
/work/cvcs2026/latent_space_cowboys/datasets/HemoSet/pig2/imgs/001020.png,/work/cvcs2026/latent_space_cowboys/datasets/HemoSet/pig2/labels/001020_mask.png,pig2
/work/cvcs2026/latent_space_cowboys/datasets/HemoSet/pig2/imgs/001080.png,/work/cvcs2026/latent_space_cowboys/datasets/HemoSet/pig2/labels/001080_mask.png,pig2
/work/cvcs2026/latent_space_cowboys/datasets/HemoSet/pig2/imgs/001140.png,/work/cvcs2026/latent_space_cowboys/datasets/HemoSet/pig2/labels/001140_mask.png,pig2
/work/cvcs2026/latent_space_cowboys/datasets/HemoSet/pig2/imgs/001200.png,/work/cvcs2026/latent_space_cowboys/datasets/HemoSet/pig2/labels/001200_mask.png,pig2
/work/cvcs2026/latent_space_cowboys/datasets/HemoSet/pig2/imgs/001260.png,/work/cvcs2026/latent_space_cowboys/datasets/HemoSet/pig2/labels/001260_mask.png,pig2
/work/cvcs2026/latent_space_cowboys/datasets/HemoSet/pig2/imgs/001320.png,/work/cvcs2026/latent_space_cowboys/datasets/HemoSet/pig2/labels/001320_mask.png,pig2
/work/cvcs2026/latent_space_cowboys/datasets/HemoSet/pig2/imgs/001380.png,/work/cvcs2026/latent_space_cowboys/datasets/HemoSet/pig2/labels/001380_mask.png,pig2
/work/cvcs2026/latent_space_cowboys/datasets/HemoSet/pig2/imgs/001440.png,/work/cvcs2026/latent_space_cowboys/datasets/HemoSet/pig2/labels/001440_mask.png,pig2
/work/cvcs2026/latent_space_cowboys/datasets/HemoSet/pig2/imgs/001500.png,/work/cvcs2026/latent_space_cowboys/datasets/HemoSet/pig2/labels/001500_mask.png,pig2
/work/cvcs2026/latent_space_cowboys/datasets/HemoSet/pig2/imgs/001560.png,/work/cvcs2026/latent_space_cowboys/datasets/HemoSet/pig2/labels/001560_mask.png,pig2
/work/cvcs2026/latent_space_cowboys/datasets/HemoSet/pig2/imgs/001620.png,/work/cvcs2026/latent_space_cowboys/datasets/HemoSet/pig2/labels/001620_mask.png,pig2
/work/cvcs2026/latent_space_cowboys/datasets/HemoSet/pig2/imgs/001680.png,/work/cvcs2026/latent_space_cowboys/datasets/HemoSet/pig2/labels/001680_mask.png,pig2
/work/cvcs2026/latent_space_cowboys/datasets/HemoSet/pig2/imgs/001740.png,/work/cvcs2026/latent_space_cowboys/datasets/HemoSet/pig2/labels/001740_mask.png,pig2
/work/cvcs2026/latent_space_cowboys/datasets/HemoSet/pig2/imgs/001800.png,/work/cvcs2026/latent_space_cowboys/datasets/HemoSet/pig2/labels/001800_mask.png,pig2
/work/cvcs2026/latent_space_cowboys/datasets/HemoSet/pig2/imgs/001860.png,/work/cvcs2026/latent_space_cowboys/datasets/HemoSet/pig2/labels/001860_mask.png,pig2
/work/cvcs2026/latent_space_cowboys/datasets/HemoSet/pig2/imgs/001920.png,/work/cvcs2026/latent_space_cowboys/datasets/HemoSet/pig2/labels/001920_mask.png,pig2
/work/cvcs2026/latent_space_cowboys/datasets/HemoSet/pig2/imgs/001980.png,/work/cvcs2026/latent_space_cowboys/datasets/HemoSet/pig2/labels/001980_mask.png,pig2
/work/cvcs2026/latent_space_cowboys/datasets/HemoSet/pig2/imgs/002040.png,/work/cvcs2026/latent_space_cowboys/datasets/HemoSet/pig2/labels/002040_mask.png,pig2
/work/cvcs2026/latent_space_cowboys/datasets/HemoSet/pig2/imgs/002100.png,/work/cvcs2026/latent_space_cowboys/datasets/HemoSet/pig2/labels/002100_mask.png,pig2
/work/cvcs2026/latent_space_cowboys/datasets/HemoSet/pig2/imgs/002160.png,/work/cvcs2026/latent_space_cowboys/datasets/HemoSet/pig2/labels/002160_mask.png,pig2
/work/cvcs2026/latent_space_cowboys/datasets/HemoSet/pig2/imgs/002220.png,/work/cvcs2026/latent_space_cowboys/datasets/HemoSet/pig2/labels/002220_mask.png,pig2
/work/cvcs2026/latent_space_cowboys/datasets/HemoSet/pig2/imgs/002280.png,/work/cvcs2026/latent_space_cowboys/datasets/HemoSet/pig2/labels/002280_mask.png,pig2
/work/cvcs2026/latent_space_cowboys/datasets/HemoSet/pig2/imgs/002340.png,/work/cvcs2026/latent_space_cowboys/datasets/HemoSet/pig2/labels/002340_mask.png,pig2
/work/cvcs2026/latent_space_cowboys/datasets/HemoSet/pig2/imgs/002400.png,/work/cvcs2026/latent_space_cowboys/datasets/HemoSet/pig2/labels/002400_mask.png,pig2
/work/cvcs2026/latent_space_cowboys/datasets/HemoSet/pig2/imgs/002460.png,/work/cvcs2026/latent_space_cowboys/datasets/HemoSet/pig2/labels/002460_mask.png,pig2
/work/cvcs2026/latent_space_cowboys/datasets/HemoSet/pig2/imgs/002520.png,/work/cvcs2026/latent_space_cowboys/datasets/HemoSet/pig2/labels/002520_mask.png,pig2
/work/cvcs2026/latent_space_cowboys/datasets/HemoSet/pig2/imgs/002580.png,/work/cvcs2026/latent_space_cowboys/datasets/HemoSet/pig2/labels/002580_mask.png,pig2
/work/cvcs2026/latent_space_cowboys/datasets/HemoSet/pig2/imgs/002640.png,/work/cvcs2026/latent_space_cowboys/datasets/HemoSet/pig2/labels/002640_mask.png,pig2
/work/cvcs2026/latent_space_cowboys/datasets/HemoSet/pig2/imgs/002700.png,/work/cvcs2026/latent_space_cowboys/datasets/HemoSet/pig2/labels/002700_mask.png,pig2
/work/cvcs2026/latent_space_cowboys/datasets/HemoSet/pig2/imgs/002760.png,/work/cvcs2026/latent_space_cowboys/datasets/HemoSet/pig2/labels/002760_mask.png,pig2
/work/cvcs2026/latent_space_cowboys/datasets/HemoSet/pig2/imgs/002820.png,/work/cvcs2026/latent_space_cowboys/datasets/HemoSet/pig2/labels/002820_mask.png,pig2
/work/cvcs2026/latent_space_cowboys/datasets/HemoSet/pig2/imgs/002880.png,/work/cvcs2026/latent_space_cowboys/datasets/HemoSet/pig2/labels/002880_mask.png,pig2
/work/cvcs2026/latent_space_cowboys/datasets/HemoSet/pig2/imgs/002940.png,/work/cvcs2026/latent_space_cowboys/datasets/HemoSet/pig2/labels/002940_mask.png,pig2
/work/cvcs2026/latent_space_cowboys/datasets/HemoSet/pig2/imgs/003000.png,/work/cvcs2026/latent_space_cowboys/datasets/HemoSet/pig2/labels/003000_mask.png,pig2
/work/cvcs2026/latent_space_cowboys/datasets/HemoSet/pig2/imgs/003060.png,/work/cvcs2026/latent_space_cowboys/datasets/HemoSet/pig2/labels/003060_mask.png,pig2
/work/cvcs2026/latent_space_cowboys/datasets/HemoSet/pig2/imgs/003120.png,/work/cvcs2026/latent_space_cowboys/datasets/HemoSet/pig2/labels/003120_mask.png,pig2
/work/cvcs2026/latent_space_cowboys/datasets/HemoSet/pig2/imgs/003180.png,/work/cvcs2026/latent_space_cowboys/datasets/HemoSet/pig2/labels/003180_mask.png,pig2
/work/cvcs2026/latent_space_cowboys/datasets/HemoSet/pig2/imgs/003240.png,/work/cvcs2026/latent_space_cowboys/datasets/HemoSet/pig2/labels/003240_mask.png,pig2
/work/cvcs2026/latent_space_cowboys/datasets/HemoSet/pig2/imgs/003300.png,/work/cvcs2026/latent_space_cowboys/datasets/HemoSet/pig2/labels/003300_mask.png,pig2
/work/cvcs2026/latent_space_cowboys/datasets/HemoSet/pig2/imgs/003360.png,/work/cvcs2026/latent_space_cowboys/datasets/HemoSet/pig2/labels/003360_mask.png,pig2
/work/cvcs2026/latent_space_cowboys/datasets/HemoSet/pig2/imgs/003420.png,/work/cvcs2026/latent_space_cowboys/datasets/HemoSet/pig2/labels/003420_mask.png,pig2
/work/cvcs2026/latent_space_cowboys/datasets/HemoSet/pig2/imgs/003480.png,/work/cvcs2026/latent_space_cowboys/datasets/HemoSet/pig2/labels/003480_mask.png,pig2
/work/cvcs2026/latent_space_cowboys/datasets/HemoSet/pig2/imgs/003540.png,/work/cvcs2026/latent_space_cowboys/datasets/HemoSet/pig2/labels/003540_mask.png,pig2
/work/cvcs2026/latent_space_cowboys/datasets/HemoSet/pig2/imgs/003600.png,/work/cvcs2026/latent_space_cowboys/datasets/HemoSet/pig2/labels/003600_mask.png,pig2
/work/cvcs2026/latent_space_cowboys/datasets/HemoSet/pig2/imgs/003660.png,/work/cvcs2026/latent_space_cowboys/datasets/HemoSet/pig2/labels/003660_mask.png,pig2
/work/cvcs2026/latent_space_cowboys/datasets/HemoSet/pig2/imgs/003720.png,/work/cvcs2026/latent_space_cowboys/datasets/HemoSet/pig2/labels/003720_mask.png,pig2
/work/cvcs2026/latent_space_cowboys/datasets/HemoSet/pig2/imgs/003780.png,/work/cvcs2026/latent_space_cowboys/datasets/HemoSet/pig2/labels/003780_mask.png,pig2
/work/cvcs2026/latent_space_cowboys/datasets/HemoSet/pig2/imgs/003840.png,/work/cvcs2026/latent_space_cowboys/datasets/HemoSet/pig2/labels/003840_mask.png,pig2
/work/cvcs2026/latent_space_cowboys/datasets/HemoSet/pig2/imgs/003900.png,/work/cvcs2026/latent_space_cowboys/datasets/HemoSet/pig2/labels/003900_mask.png,pig2
/work/cvcs2026/latent_space_cowboys/datasets/HemoSet/pig2/imgs/003960.png,/work/cvcs2026/latent_space_cowboys/datasets/HemoSet/pig2/labels/003960_mask.png,pig2
/work/cvcs2026/latent_space_cowboys/datasets/HemoSet/pig2/imgs/004020.png,/work/cvcs2026/latent_space_cowboys/datasets/HemoSet/pig2/labels/004020_mask.png,pig2
/work/cvcs2026/latent_space_cowboys/datasets/HemoSet/pig2/imgs/004080.png,/work/cvcs2026/latent_space_cowboys/datasets/HemoSet/pig2/labels/004080_mask.png,pig2
/work/cvcs2026/latent_space_cowboys/datasets/HemoSet/pig2/imgs/004140.png,/work/cvcs2026/latent_space_cowboys/datasets/HemoSet/pig2/labels/004140_mask.png,pig2
/work/cvcs2026/latent_space_cowboys/datasets/HemoSet/pig2/imgs/004200.png,/work/cvcs2026/latent_space_cowboys/datasets/HemoSet/pig2/labels/004200_mask.png,pig2
/work/cvcs2026/latent_space_cowboys/datasets/HemoSet/pig2/imgs/004260.png,/work/cvcs2026/latent_space_cowboys/datasets/HemoSet/pig2/labels/004260_mask.png,pig2
/work/cvcs2026/latent_space_cowboys/datasets/HemoSet/pig2/imgs/004320.png,/work/cvcs2026/latent_space_cowboys/datasets/HemoSet/pig2/labels/004320_mask.png,pig2
/work/cvcs2026/latent_space_cowboys/datasets/HemoSet/pig2/imgs/004380.png,/work/cvcs2026/latent_space_cowboys/datasets/HemoSet/pig2/labels/004380_mask.png,pig2
/work/cvcs2026/latent_space_cowboys/datasets/HemoSet/pig2/imgs/004440.png,/work/cvcs2026/latent_space_cowboys/datasets/HemoSet/pig2/labels/004440_mask.png,pig2
/work/cvcs2026/latent_space_cowboys/datasets/HemoSet/pig2/imgs/004500.png,/work/cvcs2026/latent_space_cowboys/datasets/HemoSet/pig2/labels/004500_mask.png,pig2
/work/cvcs2026/latent_space_cowboys/datasets/HemoSet/pig2/imgs/004560.png,/work/cvcs2026/latent_space_cowboys/datasets/HemoSet/pig2/labels/004560_mask.png,pig2
/work/cvcs2026/latent_space_cowboys/datasets/HemoSet/pig2/imgs/004620.png,/work/cvcs2026/latent_space_cowboys/datasets/HemoSet/pig2/labels/004620_mask.png,pig2
/work/cvcs2026/latent_space_cowboys/datasets/HemoSet/pig2/imgs/004680.png,/work/cvcs2026/latent_space_cowboys/datasets/HemoSet/pig2/labels/004680_mask.png,pig2
/work/cvcs2026/latent_space_cowboys/datasets/HemoSet/pig2/imgs/004740.png,/work/cvcs2026/latent_space_cowboys/datasets/HemoSet/pig2/labels/004740_mask.png,pig2
/work/cvcs2026/latent_space_cowboys/datasets/HemoSet/pig2/imgs/004800.png,/work/cvcs2026/latent_space_cowboys/datasets/HemoSet/pig2/labels/004800_mask.png,pig2
/work/cvcs2026/latent_space_cowboys/datasets/HemoSet/pig2/imgs/004860.png,/work/cvcs2026/latent_space_cowboys/datasets/HemoSet/pig2/labels/004860_mask.png,pig2
/work/cvcs2026/latent_space_cowboys/datasets/HemoSet/pig2/imgs/004920.png,/work/cvcs2026/latent_space_cowboys/datasets/HemoSet/pig2/labels/004920_mask.png,pig2
/work/cvcs2026/latent_space_cowboys/datasets/HemoSet/pig2/imgs/004980.png,/work/cvcs2026/latent_space_cowboys/datasets/HemoSet/pig2/labels/004980_mask.png,pig2
/work/cvcs2026/latent_space_cowboys/datasets/HemoSet/pig2/imgs/005040.png,/work/cvcs2026/latent_space_cowboys/datasets/HemoSet/pig2/labels/005040_mask.png,pig2
/work/cvcs2026/latent_space_cowboys/datasets/HemoSet/pig2/imgs/005100.png,/work/cvcs2026/latent_space_cowboys/datasets/HemoSet/pig2/labels/005100_mask.png,pig2
/work/cvcs2026/latent_space_cowboys/datasets/HemoSet/pig2/imgs/005160.png,/work/cvcs2026/latent_space_cowboys/datasets/HemoSet/pig2/labels/005160_mask.png,pig2
/work/cvcs2026/latent_space_cowboys/datasets/HemoSet/pig2/imgs/005220.png,/work/cvcs2026/latent_space_cowboys/datasets/HemoSet/pig2/labels/005220_mask.png,pig2
/work/cvcs2026/latent_space_cowboys/datasets/HemoSet/pig2/imgs/005280.png,/work/cvcs2026/latent_space_cowboys/datasets/HemoSet/pig2/labels/005280_mask.png,pig2
/work/cvcs2026/latent_space_cowboys/datasets/HemoSet/pig2/imgs/005340.png,/work/cvcs2026/latent_space_cowboys/datasets/HemoSet/pig2/labels/005340_mask.png,pig2
/work/cvcs2026/latent_space_cowboys/datasets/HemoSet/pig2/imgs/005400.png,/work/cvcs2026/latent_space_cowboys/datasets/HemoSet/pig2/labels/005400_mask.png,pig2
/work/cvcs2026/latent_space_cowboys/datasets/HemoSet/pig2/imgs/005460.png,/work/cvcs2026/latent_space_cowboys/datasets/HemoSet/pig2/labels/005460_mask.png,pig2
/work/cvcs2026/latent_space_cowboys/datasets/HemoSet/pig2/imgs/005520.png,/work/cvcs2026/latent_space_cowboys/datasets/HemoSet/pig2/labels/005520_mask.png,pig2
/work/cvcs2026/latent_space_cowboys/datasets/HemoSet/pig2/imgs/005580.png,/work/cvcs2026/latent_space_cowboys/datasets/HemoSet/pig2/labels/005580_mask.png,pig2
/work/cvcs2026/latent_space_cowboys/datasets/HemoSet/pig2/imgs/005640.png,/work/cvcs2026/latent_space_cowboys/datasets/HemoSet/pig2/labels/005640_mask.png,pig2
/work/cvcs2026/latent_space_cowboys/datasets/HemoSet/pig2/imgs/005700.png,/work/cvcs2026/latent_space_cowboys/datasets/HemoSet/pig2/labels/005700_mask.png,pig2
/work/cvcs2026/latent_space_cowboys/datasets/HemoSet/pig2/imgs/005760.png,/work/cvcs2026/latent_space_cowboys/datasets/HemoSet/pig2/labels/005760_mask.png,pig2
/work/cvcs2026/latent_space_cowboys/datasets/HemoSet/pig2/imgs/005820.png,/work/cvcs2026/latent_space_cowboys/datasets/HemoSet/pig2/labels/005820_mask.png,pig2
/work/cvcs2026/latent_space_cowboys/datasets/HemoSet/pig2/imgs/005880.png,/work/cvcs2026/latent_space_cowboys/datasets/HemoSet/pig2/labels/005880_mask.png,pig2
/work/cvcs2026/latent_space_cowboys/datasets/HemoSet/pig2/imgs/005940.png,/work/cvcs2026/latent_space_cowboys/datasets/HemoSet/pig2/labels/005940_mask.png,pig2
/work/cvcs2026/latent_space_cowboys/datasets/HemoSet/pig2/imgs/006000.png,/work/cvcs2026/latent_space_cowboys/datasets/HemoSet/pig2/labels/006000_mask.png,pig2
/work/cvcs2026/latent_space_cowboys/datasets/HemoSet/pig2/imgs/006060.png,/work/cvcs2026/latent_space_cowboys/datasets/HemoSet/pig2/labels/006060_mask.png,pig2
/work/cvcs2026/latent_space_cowboys/datasets/HemoSet/pig2/imgs/006120.png,/work/cvcs2026/latent_space_cowboys/datasets/HemoSet/pig2/labels/006120_mask.png,pig2
/work/cvcs2026/latent_space_cowboys/datasets/HemoSet/pig2/imgs/006180.png,/work/cvcs2026/latent_space_cowboys/datasets/HemoSet/pig2/labels/006180_mask.png,pig2
/work/cvcs2026/latent_space_cowboys/datasets/HemoSet/pig2/imgs/006240.png,/work/cvcs2026/latent_space_cowboys/datasets/HemoSet/pig2/labels/006240_mask.png,pig2
/work/cvcs2026/latent_space_cowboys/datasets/HemoSet/pig2/imgs/006300.png,/work/cvcs2026/latent_space_cowboys/datasets/HemoSet/pig2/labels/006300_mask.png,pig2
/work/cvcs2026/latent_space_cowboys/datasets/HemoSet/pig2/imgs/006360.png,/work/cvcs2026/latent_space_cowboys/datasets/HemoSet/pig2/labels/006360_mask.png,pig2
/work/cvcs2026/latent_space_cowboys/datasets/HemoSet/pig2/imgs/006420.png,/work/cvcs2026/latent_space_cowboys/datasets/HemoSet/pig2/labels/006420_mask.png,pig2
/work/cvcs2026/latent_space_cowboys/datasets/HemoSet/pig2/imgs/006480.png,/work/cvcs2026/latent_space_cowboys/datasets/HemoSet/pig2/labels/006480_mask.png,pig2
/work/cvcs2026/latent_space_cowboys/datasets/HemoSet/pig2/imgs/006540.png,/work/cvcs2026/latent_space_cowboys/datasets/HemoSet/pig2/labels/006540_mask.png,pig2
/work/cvcs2026/latent_space_cowboys/datasets/HemoSet/pig2/imgs/006600.png,/work/cvcs2026/latent_space_cowboys/datasets/HemoSet/pig2/labels/006600_mask.png,pig2
/work/cvcs2026/latent_space_cowboys/datasets/HemoSet/pig2/imgs/006660.png,/work/cvcs2026/latent_space_cowboys/datasets/HemoSet/pig2/labels/006660_mask.png,pig2
/work/cvcs2026/latent_space_cowboys/datasets/HemoSet/pig2/imgs/006720.png,/work/cvcs2026/latent_space_cowboys/datasets/HemoSet/pig2/labels/006720_mask.png,pig2
/work/cvcs2026/latent_space_cowboys/datasets/HemoSet/pig2/imgs/006780.png,/work/cvcs2026/latent_space_cowboys/datasets/HemoSet/pig2/labels/006780_mask.png,pig2
/work/cvcs2026/latent_space_cowboys/datasets/HemoSet/pig2/imgs/006840.png,/work/cvcs2026/latent_space_cowboys/datasets/HemoSet/pig2/labels/006840_mask.png,pig2
/work/cvcs2026/latent_space_cowboys/datasets/HemoSet/pig2/imgs/006900.png,/work/cvcs2026/latent_space_cowboys/datasets/HemoSet/pig2/labels/006900_mask.png,pig2
/work/cvcs2026/latent_space_cowboys/datasets/HemoSet/pig2/imgs/006960.png,/work/cvcs2026/latent_space_cowboys/datasets/HemoSet/pig2/labels/006960_mask.png,pig2
/work/cvcs2026/latent_space_cowboys/datasets/HemoSet/pig2/imgs/007020.png,/work/cvcs2026/latent_space_cowboys/datasets/HemoSet/pig2/labels/007020_mask.png,pig2
/work/cvcs2026/latent_space_cowboys/datasets/HemoSet/pig2/imgs/007080.png,/work/cvcs2026/latent_space_cowboys/datasets/HemoSet/pig2/labels/007080_mask.png,pig2
/work/cvcs2026/latent_space_cowboys/datasets/HemoSet/pig2/imgs/007140.png,/work/cvcs2026/latent_space_cowboys/datasets/HemoSet/pig2/labels/007140_mask.png,pig2
/work/cvcs2026/latent_space_cowboys/datasets/HemoSet/pig2/imgs/007200.png,/work/cvcs2026/latent_space_cowboys/datasets/HemoSet/pig2/labels/007200_mask.png,pig2
/work/cvcs2026/latent_space_cowboys/datasets/HemoSet/pig2/imgs/007260.png,/work/cvcs2026/latent_space_cowboys/datasets/HemoSet/pig2/labels/007260_mask.png,pig2
/work/cvcs2026/latent_space_cowboys/datasets/HemoSet/pig2/imgs/007320.png,/work/cvcs2026/latent_space_cowboys/datasets/HemoSet/pig2/labels/007320_mask.png,pig2
/work/cvcs2026/latent_space_cowboys/datasets/HemoSet/pig2/imgs/007380.png,/work/cvcs2026/latent_space_cowboys/datasets/HemoSet/pig2/labels/007380_mask.png,pig2
/work/cvcs2026/latent_space_cowboys/datasets/HemoSet/pig2/imgs/007440.png,/work/cvcs2026/latent_space_cowboys/datasets/HemoSet/pig2/labels/007440_mask.png,pig2
/work/cvcs2026/latent_space_cowboys/datasets/HemoSet/pig2/imgs/007500.png,/work/cvcs2026/latent_space_cowboys/datasets/HemoSet/pig2/labels/007500_mask.png,pig2
/work/cvcs2026/latent_space_cowboys/datasets/HemoSet/pig2/imgs/007560.png,/work/cvcs2026/latent_space_cowboys/datasets/HemoSet/pig2/labels/007560_mask.png,pig2
/work/cvcs2026/latent_space_cowboys/datasets/HemoSet/pig2/imgs/007620.png,/work/cvcs2026/latent_space_cowboys/datasets/HemoSet/pig2/labels/007620_mask.png,pig2
/work/cvcs2026/latent_space_cowboys/datasets/HemoSet/pig2/imgs/007680.png,/work/cvcs2026/latent_space_cowboys/datasets/HemoSet/pig2/labels/007680_mask.png,pig2
/work/cvcs2026/latent_space_cowboys/datasets/HemoSet/pig2/imgs/007740.png,/work/cvcs2026/latent_space_cowboys/datasets/HemoSet/pig2/labels/007740_mask.png,pig2
/work/cvcs2026/latent_space_cowboys/datasets/HemoSet/pig2/imgs/007800.png,/work/cvcs2026/latent_space_cowboys/datasets/HemoSet/pig2/labels/007800_mask.png,pig2
/work/cvcs2026/latent_space_cowboys/datasets/HemoSet/pig2/imgs/007860.png,/work/cvcs2026/latent_space_cowboys/datasets/HemoSet/pig2/labels/007860_mask.png,pig2
/work/cvcs2026/latent_space_cowboys/datasets/HemoSet/pig2/imgs/007920.png,/work/cvcs2026/latent_space_cowboys/datasets/HemoSet/pig2/labels/007920_mask.png,pig2
/work/cvcs2026/latent_space_cowboys/datasets/HemoSet/pig2/imgs/007980.png,/work/cvcs2026/latent_space_cowboys/datasets/HemoSet/pig2/labels/007980_mask.png,pig2
/work/cvcs2026/latent_space_cowboys/datasets/HemoSet/pig2/imgs/008040.png,/work/cvcs2026/latent_space_cowboys/datasets/HemoSet/pig2/labels/008040_mask.png,pig2
/work/cvcs2026/latent_space_cowboys/datasets/HemoSet/pig2/imgs/008100.png,/work/cvcs2026/latent_space_cowboys/datasets/HemoSet/pig2/labels/008100_mask.png,pig2
/work/cvcs2026/latent_space_cowboys/datasets/HemoSet/pig2/imgs/008160.png,/work/cvcs2026/latent_space_cowboys/datasets/HemoSet/pig2/labels/008160_mask.png,pig2
/work/cvcs2026/latent_space_cowboys/datasets/HemoSet/pig2/imgs/008220.png,/work/cvcs2026/latent_space_cowboys/datasets/HemoSet/pig2/labels/008220_mask.png,pig2
/work/cvcs2026/latent_space_cowboys/datasets/HemoSet/pig2/imgs/008280.png,/work/cvcs2026/latent_space_cowboys/datasets/HemoSet/pig2/labels/008280_mask.png,pig2
/work/cvcs2026/latent_space_cowboys/datasets/HemoSet/pig2/imgs/008340.png,/work/cvcs2026/latent_space_cowboys/datasets/HemoSet/pig2/labels/008340_mask.png,pig2
/work/cvcs2026/latent_space_cowboys/datasets/HemoSet/pig2/imgs/008400.png,/work/cvcs2026/latent_space_cowboys/datasets/HemoSet/pig2/labels/008400_mask.png,pig2
/work/cvcs2026/latent_space_cowboys/datasets/HemoSet/pig2/imgs/008460.png,/work/cvcs2026/latent_space_cowboys/datasets/HemoSet/pig2/labels/008460_mask.png,pig2
/work/cvcs2026/latent_space_cowboys/datasets/HemoSet/pig2/imgs/008520.png,/work/cvcs2026/latent_space_cowboys/datasets/HemoSet/pig2/labels/008520_mask.png,pig2
/work/cvcs2026/latent_space_cowboys/datasets/HemoSet/pig2/imgs/008580.png,/work/cvcs2026/latent_space_cowboys/datasets/HemoSet/pig2/labels/008580_mask.png,pig2
/work/cvcs2026/latent_space_cowboys/datasets/HemoSet/pig2/imgs/008640.png,/work/cvcs2026/latent_space_cowboys/datasets/HemoSet/pig2/labels/008640_mask.png,pig2
/work/cvcs2026/latent_space_cowboys/datasets/HemoSet/pig2/imgs/008700.png,/work/cvcs2026/latent_space_cowboys/datasets/HemoSet/pig2/labels/008700_mask.png,pig2
/work/cvcs2026/latent_space_cowboys/datasets/HemoSet/pig2/imgs/008760.png,/work/cvcs2026/latent_space_cowboys/datasets/HemoSet/pig2/labels/008760_mask.png,pig2
/work/cvcs2026/latent_space_cowboys/datasets/HemoSet/pig2/imgs/008820.png,/work/cvcs2026/latent_space_cowboys/datasets/HemoSet/pig2/labels/008820_mask.png,pig2
/work/cvcs2026/latent_space_cowboys/datasets/HemoSet/pig2/imgs/008880.png,/work/cvcs2026/latent_space_cowboys/datasets/HemoSet/pig2/labels/008880_mask.png,pig2
/work/cvcs2026/latent_space_cowboys/datasets/HemoSet/pig2/imgs/008940.png,/work/cvcs2026/latent_space_cowboys/datasets/HemoSet/pig2/labels/008940_mask.png,pig2
/work/cvcs2026/latent_space_cowboys/datasets/HemoSet/pig4/imgs/000000.png,/work/cvcs2026/latent_space_cowboys/datasets/HemoSet/pig4/labels/000000_mask.png,pig4
/work/cvcs2026/latent_space_cowboys/datasets/HemoSet/pig4/imgs/000060.png,/work/cvcs2026/latent_space_cowboys/datasets/HemoSet/pig4/labels/000060_mask.png,pig4
/work/cvcs2026/latent_space_cowboys/datasets/HemoSet/pig4/imgs/000120.png,/work/cvcs2026/latent_space_cowboys/datasets/HemoSet/pig4/labels/000120_mask.png,pig4
/work/cvcs2026/latent_space_cowboys/datasets/HemoSet/pig4/imgs/000180.png,/work/cvcs2026/latent_space_cowboys/datasets/HemoSet/pig4/labels/000180_mask.png,pig4
/work/cvcs2026/latent_space_cowboys/datasets/HemoSet/pig4/imgs/000240.png,/work/cvcs2026/latent_space_cowboys/datasets/HemoSet/pig4/labels/000240_mask.png,pig4
/work/cvcs2026/latent_space_cowboys/datasets/HemoSet/pig4/imgs/000300.png,/work/cvcs2026/latent_space_cowboys/datasets/HemoSet/pig4/labels/000300_mask.png,pig4
/work/cvcs2026/latent_space_cowboys/datasets/HemoSet/pig4/imgs/000360.png,/work/cvcs2026/latent_space_cowboys/datasets/HemoSet/pig4/labels/000360_mask.png,pig4
/work/cvcs2026/latent_space_cowboys/datasets/HemoSet/pig4/imgs/000420.png,/work/cvcs2026/latent_space_cowboys/datasets/HemoSet/pig4/labels/000420_mask.png,pig4
/work/cvcs2026/latent_space_cowboys/datasets/HemoSet/pig4/imgs/000480.png,/work/cvcs2026/latent_space_cowboys/datasets/HemoSet/pig4/labels/000480_mask.png,pig4
/work/cvcs2026/latent_space_cowboys/datasets/HemoSet/pig4/imgs/000540.png,/work/cvcs2026/latent_space_cowboys/datasets/HemoSet/pig4/labels/000540_mask.png,pig4
/work/cvcs2026/latent_space_cowboys/datasets/HemoSet/pig4/imgs/000600.png,/work/cvcs2026/latent_space_cowboys/datasets/HemoSet/pig4/labels/000600_mask.png,pig4
/work/cvcs2026/latent_space_cowboys/datasets/HemoSet/pig4/imgs/000660.png,/work/cvcs2026/latent_space_cowboys/datasets/HemoSet/pig4/labels/000660_mask.png,pig4
/work/cvcs2026/latent_space_cowboys/datasets/HemoSet/pig4/imgs/000720.png,/work/cvcs2026/latent_space_cowboys/datasets/HemoSet/pig4/labels/000720_mask.png,pig4
/work/cvcs2026/latent_space_cowboys/datasets/HemoSet/pig4/imgs/000780.png,/work/cvcs2026/latent_space_cowboys/datasets/HemoSet/pig4/labels/000780_mask.png,pig4
/work/cvcs2026/latent_space_cowboys/datasets/HemoSet/pig4/imgs/000840.png,/work/cvcs2026/latent_space_cowboys/datasets/HemoSet/pig4/labels/000840_mask.png,pig4
/work/cvcs2026/latent_space_cowboys/datasets/HemoSet/pig4/imgs/000900.png,/work/cvcs2026/latent_space_cowboys/datasets/HemoSet/pig4/labels/000900_mask.png,pig4
/work/cvcs2026/latent_space_cowboys/datasets/HemoSet/pig4/imgs/000960.png,/work/cvcs2026/latent_space_cowboys/datasets/HemoSet/pig4/labels/000960_mask.png,pig4
/work/cvcs2026/latent_space_cowboys/datasets/HemoSet/pig4/imgs/001020.png,/work/cvcs2026/latent_space_cowboys/datasets/HemoSet/pig4/labels/001020_mask.png,pig4
/work/cvcs2026/latent_space_cowboys/datasets/HemoSet/pig4/imgs/001080.png,/work/cvcs2026/latent_space_cowboys/datasets/HemoSet/pig4/labels/001080_mask.png,pig4
/work/cvcs2026/latent_space_cowboys/datasets/HemoSet/pig4/imgs/001140.png,/work/cvcs2026/latent_space_cowboys/datasets/HemoSet/pig4/labels/001140_mask.png,pig4
/work/cvcs2026/latent_space_cowboys/datasets/HemoSet/pig4/imgs/001200.png,/work/cvcs2026/latent_space_cowboys/datasets/HemoSet/pig4/labels/001200_mask.png,pig4
/work/cvcs2026/latent_space_cowboys/datasets/HemoSet/pig4/imgs/001260.png,/work/cvcs2026/latent_space_cowboys/datasets/HemoSet/pig4/labels/001260_mask.png,pig4
/work/cvcs2026/latent_space_cowboys/datasets/HemoSet/pig4/imgs/001320.png,/work/cvcs2026/latent_space_cowboys/datasets/HemoSet/pig4/labels/001320_mask.png,pig4
/work/cvcs2026/latent_space_cowboys/datasets/HemoSet/pig4/imgs/001380.png,/work/cvcs2026/latent_space_cowboys/datasets/HemoSet/pig4/labels/001380_mask.png,pig4
/work/cvcs2026/latent_space_cowboys/datasets/HemoSet/pig4/imgs/001440.png,/work/cvcs2026/latent_space_cowboys/datasets/HemoSet/pig4/labels/001440_mask.png,pig4
/work/cvcs2026/latent_space_cowboys/datasets/HemoSet/pig4/imgs/001500.png,/work/cvcs2026/latent_space_cowboys/datasets/HemoSet/pig4/labels/001500_mask.png,pig4
/work/cvcs2026/latent_space_cowboys/datasets/HemoSet/pig4/imgs/001560.png,/work/cvcs2026/latent_space_cowboys/datasets/HemoSet/pig4/labels/001560_mask.png,pig4
/work/cvcs2026/latent_space_cowboys/datasets/HemoSet/pig4/imgs/001620.png,/work/cvcs2026/latent_space_cowboys/datasets/HemoSet/pig4/labels/001620_mask.png,pig4
/work/cvcs2026/latent_space_cowboys/datasets/HemoSet/pig4/imgs/001680.png,/work/cvcs2026/latent_space_cowboys/datasets/HemoSet/pig4/labels/001680_mask.png,pig4
/work/cvcs2026/latent_space_cowboys/datasets/HemoSet/pig4/imgs/001740.png,/work/cvcs2026/latent_space_cowboys/datasets/HemoSet/pig4/labels/001740_mask.png,pig4
/work/cvcs2026/latent_space_cowboys/datasets/HemoSet/pig4/imgs/001800.png,/work/cvcs2026/latent_space_cowboys/datasets/HemoSet/pig4/labels/001800_mask.png,pig4
/work/cvcs2026/latent_space_cowboys/datasets/HemoSet/pig4/imgs/001860.png,/work/cvcs2026/latent_space_cowboys/datasets/HemoSet/pig4/labels/001860_mask.png,pig4
/work/cvcs2026/latent_space_cowboys/datasets/HemoSet/pig4/imgs/001920.png,/work/cvcs2026/latent_space_cowboys/datasets/HemoSet/pig4/labels/001920_mask.png,pig4
/work/cvcs2026/latent_space_cowboys/datasets/HemoSet/pig4/imgs/001980.png,/work/cvcs2026/latent_space_cowboys/datasets/HemoSet/pig4/labels/001980_mask.png,pig4
/work/cvcs2026/latent_space_cowboys/datasets/HemoSet/pig4/imgs/002040.png,/work/cvcs2026/latent_space_cowboys/datasets/HemoSet/pig4/labels/002040_mask.png,pig4
/work/cvcs2026/latent_space_cowboys/datasets/HemoSet/pig4/imgs/002100.png,/work/cvcs2026/latent_space_cowboys/datasets/HemoSet/pig4/labels/002100_mask.png,pig4
/work/cvcs2026/latent_space_cowboys/datasets/HemoSet/pig4/imgs/002160.png,/work/cvcs2026/latent_space_cowboys/datasets/HemoSet/pig4/labels/002160_mask.png,pig4
/work/cvcs2026/latent_space_cowboys/datasets/HemoSet/pig4/imgs/002220.png,/work/cvcs2026/latent_space_cowboys/datasets/HemoSet/pig4/labels/002220_mask.png,pig4
/work/cvcs2026/latent_space_cowboys/datasets/HemoSet/pig4/imgs/002280.png,/work/cvcs2026/latent_space_cowboys/datasets/HemoSet/pig4/labels/002280_mask.png,pig4
/work/cvcs2026/latent_space_cowboys/datasets/HemoSet/pig7/imgs/000000.png,/work/cvcs2026/latent_space_cowboys/datasets/HemoSet/pig7/labels/000000_mask.png,pig7
/work/cvcs2026/latent_space_cowboys/datasets/HemoSet/pig7/imgs/000060.png,/work/cvcs2026/latent_space_cowboys/datasets/HemoSet/pig7/labels/000060_mask.png,pig7
/work/cvcs2026/latent_space_cowboys/datasets/HemoSet/pig7/imgs/000120.png,/work/cvcs2026/latent_space_cowboys/datasets/HemoSet/pig7/labels/000120_mask.png,pig7
/work/cvcs2026/latent_space_cowboys/datasets/HemoSet/pig7/imgs/000180.png,/work/cvcs2026/latent_space_cowboys/datasets/HemoSet/pig7/labels/000180_mask.png,pig7
/work/cvcs2026/latent_space_cowboys/datasets/HemoSet/pig7/imgs/000240.png,/work/cvcs2026/latent_space_cowboys/datasets/HemoSet/pig7/labels/000240_mask.png,pig7
/work/cvcs2026/latent_space_cowboys/datasets/HemoSet/pig7/imgs/000300.png,/work/cvcs2026/latent_space_cowboys/datasets/HemoSet/pig7/labels/000300_mask.png,pig7
/work/cvcs2026/latent_space_cowboys/datasets/HemoSet/pig7/imgs/000360.png,/work/cvcs2026/latent_space_cowboys/datasets/HemoSet/pig7/labels/000360_mask.png,pig7
/work/cvcs2026/latent_space_cowboys/datasets/HemoSet/pig7/imgs/000420.png,/work/cvcs2026/latent_space_cowboys/datasets/HemoSet/pig7/labels/000420_mask.png,pig7
/work/cvcs2026/latent_space_cowboys/datasets/HemoSet/pig7/imgs/000480.png,/work/cvcs2026/latent_space_cowboys/datasets/HemoSet/pig7/labels/000480_mask.png,pig7
/work/cvcs2026/latent_space_cowboys/datasets/HemoSet/pig7/imgs/000540.png,/work/cvcs2026/latent_space_cowboys/datasets/HemoSet/pig7/labels/000540_mask.png,pig7
/work/cvcs2026/latent_space_cowboys/datasets/HemoSet/pig7/imgs/000600.png,/work/cvcs2026/latent_space_cowboys/datasets/HemoSet/pig7/labels/000600_mask.png,pig7
/work/cvcs2026/latent_space_cowboys/datasets/HemoSet/pig7/imgs/000660.png,/work/cvcs2026/latent_space_cowboys/datasets/HemoSet/pig7/labels/000660_mask.png,pig7
/work/cvcs2026/latent_space_cowboys/datasets/HemoSet/pig7/imgs/000720.png,/work/cvcs2026/latent_space_cowboys/datasets/HemoSet/pig7/labels/000720_mask.png,pig7
/work/cvcs2026/latent_space_cowboys/datasets/HemoSet/pig7/imgs/000780.png,/work/cvcs2026/latent_space_cowboys/datasets/HemoSet/pig7/labels/000780_mask.png,pig7
/work/cvcs2026/latent_space_cowboys/datasets/HemoSet/pig7/imgs/000840.png,/work/cvcs2026/latent_space_cowboys/datasets/HemoSet/pig7/labels/000840_mask.png,pig7
/work/cvcs2026/latent_space_cowboys/datasets/HemoSet/pig7/imgs/000900.png,/work/cvcs2026/latent_space_cowboys/datasets/HemoSet/pig7/labels/000900_mask.png,pig7
/work/cvcs2026/latent_space_cowboys/datasets/HemoSet/pig7/imgs/000960.png,/work/cvcs2026/latent_space_cowboys/datasets/HemoSet/pig7/labels/000960_mask.png,pig7
/work/cvcs2026/latent_space_cowboys/datasets/HemoSet/pig7/imgs/001020.png,/work/cvcs2026/latent_space_cowboys/datasets/HemoSet/pig7/labels/001020_mask.png,pig7
/work/cvcs2026/latent_space_cowboys/datasets/HemoSet/pig7/imgs/001080.png,/work/cvcs2026/latent_space_cowboys/datasets/HemoSet/pig7/labels/001080_mask.png,pig7
/work/cvcs2026/latent_space_cowboys/datasets/HemoSet/pig7/imgs/001140.png,/work/cvcs2026/latent_space_cowboys/datasets/HemoSet/pig7/labels/001140_mask.png,pig7
/work/cvcs2026/latent_space_cowboys/datasets/HemoSet/pig7/imgs/001200.png,/work/cvcs2026/latent_space_cowboys/datasets/HemoSet/pig7/labels/001200_mask.png,pig7
/work/cvcs2026/latent_space_cowboys/datasets/HemoSet/pig7/imgs/001260.png,/work/cvcs2026/latent_space_cowboys/datasets/HemoSet/pig7/labels/001260_mask.png,pig7
/work/cvcs2026/latent_space_cowboys/datasets/HemoSet/pig7/imgs/001320.png,/work/cvcs2026/latent_space_cowboys/datasets/HemoSet/pig7/labels/001320_mask.png,pig7
/work/cvcs2026/latent_space_cowboys/datasets/HemoSet/pig7/imgs/001380.png,/work/cvcs2026/latent_space_cowboys/datasets/HemoSet/pig7/labels/001380_mask.png,pig7
/work/cvcs2026/latent_space_cowboys/datasets/HemoSet/pig7/imgs/001440.png,/work/cvcs2026/latent_space_cowboys/datasets/HemoSet/pig7/labels/001440_mask.png,pig7
/work/cvcs2026/latent_space_cowboys/datasets/HemoSet/pig7/imgs/001500.png,/work/cvcs2026/latent_space_cowboys/datasets/HemoSet/pig7/labels/001500_mask.png,pig7
/work/cvcs2026/latent_space_cowboys/datasets/HemoSet/pig7/imgs/001560.png,/work/cvcs2026/latent_space_cowboys/datasets/HemoSet/pig7/labels/001560_mask.png,pig7
/work/cvcs2026/latent_space_cowboys/datasets/HemoSet/pig7/imgs/001620.png,/work/cvcs2026/latent_space_cowboys/datasets/HemoSet/pig7/labels/001620_mask.png,pig7
/work/cvcs2026/latent_space_cowboys/datasets/HemoSet/pig7/imgs/001680.png,/work/cvcs2026/latent_space_cowboys/datasets/HemoSet/pig7/labels/001680_mask.png,pig7
/work/cvcs2026/latent_space_cowboys/datasets/HemoSet/pig7/imgs/001740.png,/work/cvcs2026/latent_space_cowboys/datasets/HemoSet/pig7/labels/001740_mask.png,pig7
/work/cvcs2026/latent_space_cowboys/datasets/HemoSet/pig7/imgs/001800.png,/work/cvcs2026/latent_space_cowboys/datasets/HemoSet/pig7/labels/001800_mask.png,pig7
/work/cvcs2026/latent_space_cowboys/datasets/HemoSet/pig7/imgs/001860.png,/work/cvcs2026/latent_space_cowboys/datasets/HemoSet/pig7/labels/001860_mask.png,pig7
/work/cvcs2026/latent_space_cowboys/datasets/HemoSet/pig7/imgs/001920.png,/work/cvcs2026/latent_space_cowboys/datasets/HemoSet/pig7/labels/001920_mask.png,pig7
/work/cvcs2026/latent_space_cowboys/datasets/HemoSet/pig7/imgs/001980.png,/work/cvcs2026/latent_space_cowboys/datasets/HemoSet/pig7/labels/001980_mask.png,pig7
/work/cvcs2026/latent_space_cowboys/datasets/HemoSet/pig7/imgs/002040.png,/work/cvcs2026/latent_space_cowboys/datasets/HemoSet/pig7/labels/002040_mask.png,pig7
/work/cvcs2026/latent_space_cowboys/datasets/HemoSet/pig7/imgs/002100.png,/work/cvcs2026/latent_space_cowboys/datasets/HemoSet/pig7/labels/002100_mask.png,pig7
/work/cvcs2026/latent_space_cowboys/datasets/HemoSet/pig7/imgs/002160.png,/work/cvcs2026/latent_space_cowboys/datasets/HemoSet/pig7/labels/002160_mask.png,pig7
/work/cvcs2026/latent_space_cowboys/datasets/HemoSet/pig7/imgs/002220.png,/work/cvcs2026/latent_space_cowboys/datasets/HemoSet/pig7/labels/002220_mask.png,pig7
/work/cvcs2026/latent_space_cowboys/datasets/HemoSet/pig7/imgs/002280.png,/work/cvcs2026/latent_space_cowboys/datasets/HemoSet/pig7/labels/002280_mask.png,pig7
/work/cvcs2026/latent_space_cowboys/datasets/HemoSet/pig7/imgs/002340.png,/work/cvcs2026/latent_space_cowboys/datasets/HemoSet/pig7/labels/002340_mask.png,pig7
/work/cvcs2026/latent_space_cowboys/datasets/HemoSet/pig7/imgs/002400.png,/work/cvcs2026/latent_space_cowboys/datasets/HemoSet/pig7/labels/002400_mask.png,pig7
/work/cvcs2026/latent_space_cowboys/datasets/HemoSet/pig7/imgs/002460.png,/work/cvcs2026/latent_space_cowboys/datasets/HemoSet/pig7/labels/002460_mask.png,pig7
/work/cvcs2026/latent_space_cowboys/datasets/HemoSet/pig7/imgs/002520.png,/work/cvcs2026/latent_space_cowboys/datasets/HemoSet/pig7/labels/002520_mask.png,pig7
/work/cvcs2026/latent_space_cowboys/datasets/HemoSet/pig7/imgs/002580.png,/work/cvcs2026/latent_space_cowboys/datasets/HemoSet/pig7/labels/002580_mask.png,pig7
/work/cvcs2026/latent_space_cowboys/datasets/HemoSet/pig7/imgs/002640.png,/work/cvcs2026/latent_space_cowboys/datasets/HemoSet/pig7/labels/002640_mask.png,pig7
/work/cvcs2026/latent_space_cowboys/datasets/HemoSet/pig7/imgs/002700.png,/work/cvcs2026/latent_space_cowboys/datasets/HemoSet/pig7/labels/002700_mask.png,pig7
/work/cvcs2026/latent_space_cowboys/datasets/HemoSet/pig7/imgs/002760.png,/work/cvcs2026/latent_space_cowboys/datasets/HemoSet/pig7/labels/002760_mask.png,pig7
/work/cvcs2026/latent_space_cowboys/datasets/HemoSet/pig7/imgs/002820.png,/work/cvcs2026/latent_space_cowboys/datasets/HemoSet/pig7/labels/002820_mask.png,pig7
/work/cvcs2026/latent_space_cowboys/datasets/HemoSet/pig7/imgs/002880.png,/work/cvcs2026/latent_space_cowboys/datasets/HemoSet/pig7/labels/002880_mask.png,pig7
/work/cvcs2026/latent_space_cowboys/datasets/HemoSet/pig7/imgs/002940.png,/work/cvcs2026/latent_space_cowboys/datasets/HemoSet/pig7/labels/002940_mask.png,pig7
/work/cvcs2026/latent_space_cowboys/datasets/HemoSet/pig7/imgs/003000.png,/work/cvcs2026/latent_space_cowboys/datasets/HemoSet/pig7/labels/003000_mask.png,pig7
/work/cvcs2026/latent_space_cowboys/datasets/HemoSet/pig7/imgs/003060.png,/work/cvcs2026/latent_space_cowboys/datasets/HemoSet/pig7/labels/003060_mask.png,pig7
/work/cvcs2026/latent_space_cowboys/datasets/HemoSet/pig7/imgs/003120.png,/work/cvcs2026/latent_space_cowboys/datasets/HemoSet/pig7/labels/003120_mask.png,pig7
/work/cvcs2026/latent_space_cowboys/datasets/HemoSet/pig7/imgs/003180.png,/work/cvcs2026/latent_space_cowboys/datasets/HemoSet/pig7/labels/003180_mask.png,pig7
/work/cvcs2026/latent_space_cowboys/datasets/HemoSet/pig7/imgs/003240.png,/work/cvcs2026/latent_space_cowboys/datasets/HemoSet/pig7/labels/003240_mask.png,pig7
/work/cvcs2026/latent_space_cowboys/datasets/HemoSet/pig7/imgs/003300.png,/work/cvcs2026/latent_space_cowboys/datasets/HemoSet/pig7/labels/003300_mask.png,pig7
/work/cvcs2026/latent_space_cowboys/datasets/HemoSet/pig7/imgs/003360.png,/work/cvcs2026/latent_space_cowboys/datasets/HemoSet/pig7/labels/003360_mask.png,pig7
/work/cvcs2026/latent_space_cowboys/datasets/HemoSet/pig7/imgs/003420.png,/work/cvcs2026/latent_space_cowboys/datasets/HemoSet/pig7/labels/003420_mask.png,pig7
/work/cvcs2026/latent_space_cowboys/datasets/HemoSet/pig7/imgs/003480.png,/work/cvcs2026/latent_space_cowboys/datasets/HemoSet/pig7/labels/003480_mask.png,pig7
/work/cvcs2026/latent_space_cowboys/datasets/HemoSet/pig7/imgs/003540.png,/work/cvcs2026/latent_space_cowboys/datasets/HemoSet/pig7/labels/003540_mask.png,pig7
/work/cvcs2026/latent_space_cowboys/datasets/HemoSet/pig7/imgs/003600.png,/work/cvcs2026/latent_space_cowboys/datasets/HemoSet/pig7/labels/003600_mask.png,pig7
/work/cvcs2026/latent_space_cowboys/datasets/HemoSet/pig7/imgs/003660.png,/work/cvcs2026/latent_space_cowboys/datasets/HemoSet/pig7/labels/003660_mask.png,pig7
/work/cvcs2026/latent_space_cowboys/datasets/HemoSet/pig7/imgs/003720.png,/work/cvcs2026/latent_space_cowboys/datasets/HemoSet/pig7/labels/003720_mask.png,pig7
/work/cvcs2026/latent_space_cowboys/datasets/HemoSet/pig7/imgs/003780.png,/work/cvcs2026/latent_space_cowboys/datasets/HemoSet/pig7/labels/003780_mask.png,pig7
/work/cvcs2026/latent_space_cowboys/datasets/HemoSet/pig9/imgs/000000.png,/work/cvcs2026/latent_space_cowboys/datasets/HemoSet/pig9/labels/000000_mask.png,pig9
/work/cvcs2026/latent_space_cowboys/datasets/HemoSet/pig9/imgs/000016.png,/work/cvcs2026/latent_space_cowboys/datasets/HemoSet/pig9/labels/000016_mask.png,pig9
/work/cvcs2026/latent_space_cowboys/datasets/HemoSet/pig9/imgs/000032.png,/work/cvcs2026/latent_space_cowboys/datasets/HemoSet/pig9/labels/000032_mask.png,pig9
/work/cvcs2026/latent_space_cowboys/datasets/HemoSet/pig9/imgs/000048.png,/work/cvcs2026/latent_space_cowboys/datasets/HemoSet/pig9/labels/000048_mask.png,pig9
/work/cvcs2026/latent_space_cowboys/datasets/HemoSet/pig9/imgs/000064.png,/work/cvcs2026/latent_space_cowboys/datasets/HemoSet/pig9/labels/000064_mask.png,pig9
/work/cvcs2026/latent_space_cowboys/datasets/HemoSet/pig9/imgs/000080.png,/work/cvcs2026/latent_space_cowboys/datasets/HemoSet/pig9/labels/000080_mask.png,pig9
/work/cvcs2026/latent_space_cowboys/datasets/HemoSet/pig9/imgs/000096.png,/work/cvcs2026/latent_space_cowboys/datasets/HemoSet/pig9/labels/000096_mask.png,pig9
/work/cvcs2026/latent_space_cowboys/datasets/HemoSet/pig9/imgs/000112.png,/work/cvcs2026/latent_space_cowboys/datasets/HemoSet/pig9/labels/000112_mask.png,pig9
/work/cvcs2026/latent_space_cowboys/datasets/HemoSet/pig9/imgs/000128.png,/work/cvcs2026/latent_space_cowboys/datasets/HemoSet/pig9/labels/000128_mask.png,pig9
/work/cvcs2026/latent_space_cowboys/datasets/HemoSet/pig9/imgs/000144.png,/work/cvcs2026/latent_space_cowboys/datasets/HemoSet/pig9/labels/000144_mask.png,pig9
/work/cvcs2026/latent_space_cowboys/datasets/HemoSet/pig9/imgs/000160.png,/work/cvcs2026/latent_space_cowboys/datasets/HemoSet/pig9/labels/000160_mask.png,pig9
/work/cvcs2026/latent_space_cowboys/datasets/HemoSet/pig9/imgs/000176.png,/work/cvcs2026/latent_space_cowboys/datasets/HemoSet/pig9/labels/000176_mask.png,pig9
/work/cvcs2026/latent_space_cowboys/datasets/HemoSet/pig9/imgs/000192.png,/work/cvcs2026/latent_space_cowboys/datasets/HemoSet/pig9/labels/000192_mask.png,pig9
/work/cvcs2026/latent_space_cowboys/datasets/HemoSet/pig9/imgs/000208.png,/work/cvcs2026/latent_space_cowboys/datasets/HemoSet/pig9/labels/000208_mask.png,pig9
/work/cvcs2026/latent_space_cowboys/datasets/HemoSet/pig9/imgs/000224.png,/work/cvcs2026/latent_space_cowboys/datasets/HemoSet/pig9/labels/000224_mask.png,pig9
/work/cvcs2026/latent_space_cowboys/datasets/HemoSet/pig9/imgs/000240.png,/work/cvcs2026/latent_space_cowboys/datasets/HemoSet/pig9/labels/000240_mask.png,pig9
/work/cvcs2026/latent_space_cowboys/datasets/HemoSet/pig9/imgs/000256.png,/work/cvcs2026/latent_space_cowboys/datasets/HemoSet/pig9/labels/000256_mask.png,pig9
/work/cvcs2026/latent_space_cowboys/datasets/HemoSet/pig9/imgs/000272.png,/work/cvcs2026/latent_space_cowboys/datasets/HemoSet/pig9/labels/000272_mask.png,pig9
/work/cvcs2026/latent_space_cowboys/datasets/HemoSet/pig9/imgs/000288.png,/work/cvcs2026/latent_space_cowboys/datasets/HemoSet/pig9/labels/000288_mask.png,pig9
/work/cvcs2026/latent_space_cowboys/datasets/HemoSet/pig9/imgs/000304.png,/work/cvcs2026/latent_space_cowboys/datasets/HemoSet/pig9/labels/000304_mask.png,pig9
/work/cvcs2026/latent_space_cowboys/datasets/HemoSet/pig9/imgs/000320.png,/work/cvcs2026/latent_space_cowboys/datasets/HemoSet/pig9/labels/000320_mask.png,pig9
/work/cvcs2026/latent_space_cowboys/datasets/HemoSet/pig9/imgs/000336.png,/work/cvcs2026/latent_space_cowboys/datasets/HemoSet/pig9/labels/000336_mask.png,pig9
/work/cvcs2026/latent_space_cowboys/datasets/HemoSet/pig9/imgs/000352.png,/work/cvcs2026/latent_space_cowboys/datasets/HemoSet/pig9/labels/000352_mask.png,pig9
/work/cvcs2026/latent_space_cowboys/datasets/HemoSet/pig9/imgs/000368.png,/work/cvcs2026/latent_space_cowboys/datasets/HemoSet/pig9/labels/000368_mask.png,pig9
/work/cvcs2026/latent_space_cowboys/datasets/HemoSet/pig9/imgs/000384.png,/work/cvcs2026/latent_space_cowboys/datasets/HemoSet/pig9/labels/000384_mask.png,pig9
/work/cvcs2026/latent_space_cowboys/datasets/HemoSet/pig9/imgs/000400.png,/work/cvcs2026/latent_space_cowboys/datasets/HemoSet/pig9/labels/000400_mask.png,pig9
/work/cvcs2026/latent_space_cowboys/datasets/HemoSet/pig9/imgs/000416.png,/work/cvcs2026/latent_space_cowboys/datasets/HemoSet/pig9/labels/000416_mask.png,pig9
/work/cvcs2026/latent_space_cowboys/datasets/HemoSet/pig9/imgs/000432.png,/work/cvcs2026/latent_space_cowboys/datasets/HemoSet/pig9/labels/000432_mask.png,pig9
/work/cvcs2026/latent_space_cowboys/datasets/HemoSet/pig9/imgs/000448.png,/work/cvcs2026/latent_space_cowboys/datasets/HemoSet/pig9/labels/000448_mask.png,pig9
/work/cvcs2026/latent_space_cowboys/datasets/HemoSet/pig9/imgs/000464.png,/work/cvcs2026/latent_space_cowboys/datasets/HemoSet/pig9/labels/000464_mask.png,pig9
/work/cvcs2026/latent_space_cowboys/datasets/HemoSet/pig9/imgs/000480.png,/work/cvcs2026/latent_space_cowboys/datasets/HemoSet/pig9/labels/000480_mask.png,pig9
/work/cvcs2026/latent_space_cowboys/datasets/HemoSet/pig9/imgs/000496.png,/work/cvcs2026/latent_space_cowboys/datasets/HemoSet/pig9/labels/000496_mask.png,pig9
/work/cvcs2026/latent_space_cowboys/datasets/HemoSet/pig9/imgs/000512.png,/work/cvcs2026/latent_space_cowboys/datasets/HemoSet/pig9/labels/000512_mask.png,pig9
/work/cvcs2026/latent_space_cowboys/datasets/HemoSet/pig9/imgs/000528.png,/work/cvcs2026/latent_space_cowboys/datasets/HemoSet/pig9/labels/000528_mask.png,pig9
/work/cvcs2026/latent_space_cowboys/datasets/HemoSet/pig9/imgs/000544.png,/work/cvcs2026/latent_space_cowboys/datasets/HemoSet/pig9/labels/000544_mask.png,pig9
/work/cvcs2026/latent_space_cowboys/datasets/HemoSet/pig9/imgs/000560.png,/work/cvcs2026/latent_space_cowboys/datasets/HemoSet/pig9/labels/000560_mask.png,pig9
/work/cvcs2026/latent_space_cowboys/datasets/HemoSet/pig9/imgs/000576.png,/work/cvcs2026/latent_space_cowboys/datasets/HemoSet/pig9/labels/000576_mask.png,pig9
/work/cvcs2026/latent_space_cowboys/datasets/HemoSet/pig9/imgs/000592.png,/work/cvcs2026/latent_space_cowboys/datasets/HemoSet/pig9/labels/000592_mask.png,pig9
/work/cvcs2026/latent_space_cowboys/datasets/HemoSet/pig9/imgs/000608.png,/work/cvcs2026/latent_space_cowboys/datasets/HemoSet/pig9/labels/000608_mask.png,pig9
/work/cvcs2026/latent_space_cowboys/datasets/HemoSet/pig9/imgs/000624.png,/work/cvcs2026/latent_space_cowboys/datasets/HemoSet/pig9/labels/000624_mask.png,pig9
/work/cvcs2026/latent_space_cowboys/datasets/HemoSet/pig9/imgs/000640.png,/work/cvcs2026/latent_space_cowboys/datasets/HemoSet/pig9/labels/000640_mask.png,pig9
/work/cvcs2026/latent_space_cowboys/datasets/HemoSet/pig9/imgs/000656.png,/work/cvcs2026/latent_space_cowboys/datasets/HemoSet/pig9/labels/000656_mask.png,pig9
/work/cvcs2026/latent_space_cowboys/datasets/HemoSet/pig9/imgs/000672.png,/work/cvcs2026/latent_space_cowboys/datasets/HemoSet/pig9/labels/000672_mask.png,pig9
/work/cvcs2026/latent_space_cowboys/datasets/HemoSet/pig9/imgs/000688.png,/work/cvcs2026/latent_space_cowboys/datasets/HemoSet/pig9/labels/000688_mask.png,pig9
/work/cvcs2026/latent_space_cowboys/datasets/HemoSet/pig9/imgs/000704.png,/work/cvcs2026/latent_space_cowboys/datasets/HemoSet/pig9/labels/000704_mask.png,pig9
/work/cvcs2026/latent_space_cowboys/datasets/HemoSet/pig9/imgs/000720.png,/work/cvcs2026/latent_space_cowboys/datasets/HemoSet/pig9/labels/000720_mask.png,pig9
/work/cvcs2026/latent_space_cowboys/datasets/HemoSet/pig9/imgs/000736.png,/work/cvcs2026/latent_space_cowboys/datasets/HemoSet/pig9/labels/000736_mask.png,pig9
/work/cvcs2026/latent_space_cowboys/datasets/HemoSet/pig9/imgs/000752.png,/work/cvcs2026/latent_space_cowboys/datasets/HemoSet/pig9/labels/000752_mask.png,pig9
/work/cvcs2026/latent_space_cowboys/datasets/HemoSet/pig9/imgs/000768.png,/work/cvcs2026/latent_space_cowboys/datasets/HemoSet/pig9/labels/000768_mask.png,pig9
/work/cvcs2026/latent_space_cowboys/datasets/HemoSet/pig9/imgs/000784.png,/work/cvcs2026/latent_space_cowboys/datasets/HemoSet/pig9/labels/000784_mask.png,pig9
/work/cvcs2026/latent_space_cowboys/datasets/HemoSet/pig9/imgs/000800.png,/work/cvcs2026/latent_space_cowboys/datasets/HemoSet/pig9/labels/000800_mask.png,pig9
/work/cvcs2026/latent_space_cowboys/datasets/HemoSet/pig9/imgs/000816.png,/work/cvcs2026/latent_space_cowboys/datasets/HemoSet/pig9/labels/000816_mask.png,pig9
/work/cvcs2026/latent_space_cowboys/datasets/HemoSet/pig9/imgs/000832.png,/work/cvcs2026/latent_space_cowboys/datasets/HemoSet/pig9/labels/000832_mask.png,pig9
/work/cvcs2026/latent_space_cowboys/datasets/HemoSet/pig9/imgs/000848.png,/work/cvcs2026/latent_space_cowboys/datasets/HemoSet/pig9/labels/000848_mask.png,pig9
/work/cvcs2026/latent_space_cowboys/datasets/HemoSet/pig9/imgs/000864.png,/work/cvcs2026/latent_space_cowboys/datasets/HemoSet/pig9/labels/000864_mask.png,pig9
/work/cvcs2026/latent_space_cowboys/datasets/HemoSet/pig9/imgs/000880.png,/work/cvcs2026/latent_space_cowboys/datasets/HemoSet/pig9/labels/000880_mask.png,pig9
/work/cvcs2026/latent_space_cowboys/datasets/HemoSet/pig9/imgs/000896.png,/work/cvcs2026/latent_space_cowboys/datasets/HemoSet/pig9/labels/000896_mask.png,pig9
/work/cvcs2026/latent_space_cowboys/datasets/HemoSet/pig9/imgs/000912.png,/work/cvcs2026/latent_space_cowboys/datasets/HemoSet/pig9/labels/000912_mask.png,pig9
/work/cvcs2026/latent_space_cowboys/datasets/HemoSet/pig9/imgs/000928.png,/work/cvcs2026/latent_space_cowboys/datasets/HemoSet/pig9/labels/000928_mask.png,pig9
/work/cvcs2026/latent_space_cowboys/datasets/HemoSet/pig9/imgs/000944.png,/work/cvcs2026/latent_space_cowboys/datasets/HemoSet/pig9/labels/000944_mask.png,pig9
/work/cvcs2026/latent_space_cowboys/datasets/HemoSet/pig9/imgs/000960.png,/work/cvcs2026/latent_space_cowboys/datasets/HemoSet/pig9/labels/000960_mask.png,pig9
/work/cvcs2026/latent_space_cowboys/datasets/HemoSet/pig9/imgs/000976.png,/work/cvcs2026/latent_space_cowboys/datasets/HemoSet/pig9/labels/000976_mask.png,pig9
/work/cvcs2026/latent_space_cowboys/datasets/HemoSet/pig9/imgs/000992.png,/work/cvcs2026/latent_space_cowboys/datasets/HemoSet/pig9/labels/000992_mask.png,pig9
/work/cvcs2026/latent_space_cowboys/datasets/HemoSet/pig9/imgs/001008.png,/work/cvcs2026/latent_space_cowboys/datasets/HemoSet/pig9/labels/001008_mask.png,pig9
/work/cvcs2026/latent_space_cowboys/datasets/HemoSet/pig9/imgs/001024.png,/work/cvcs2026/latent_space_cowboys/datasets/HemoSet/pig9/labels/001024_mask.png,pig9
/work/cvcs2026/latent_space_cowboys/datasets/HemoSet/pig9/imgs/001040.png,/work/cvcs2026/latent_space_cowboys/datasets/HemoSet/pig9/labels/001040_mask.png,pig9
/work/cvcs2026/latent_space_cowboys/datasets/HemoSet/pig9/imgs/001055.png,/work/cvcs2026/latent_space_cowboys/datasets/HemoSet/pig9/labels/001055_mask.png,pig9
/work/cvcs2026/latent_space_cowboys/datasets/HemoSet/pig9/imgs/001071.png,/work/cvcs2026/latent_space_cowboys/datasets/HemoSet/pig9/labels/001071_mask.png,pig9
/work/cvcs2026/latent_space_cowboys/datasets/HemoSet/pig9/imgs/001087.png,/work/cvcs2026/latent_space_cowboys/datasets/HemoSet/pig9/labels/001087_mask.png,pig9
/work/cvcs2026/latent_space_cowboys/datasets/HemoSet/pig9/imgs/001103.png,/work/cvcs2026/latent_space_cowboys/datasets/HemoSet/pig9/labels/001103_mask.png,pig9
/work/cvcs2026/latent_space_cowboys/datasets/HemoSet/pig9/imgs/001119.png,/work/cvcs2026/latent_space_cowboys/datasets/HemoSet/pig9/labels/001119_mask.png,pig9
/work/cvcs2026/latent_space_cowboys/datasets/HemoSet/pig9/imgs/001135.png,/work/cvcs2026/latent_space_cowboys/datasets/HemoSet/pig9/labels/001135_mask.png,pig9
/work/cvcs2026/latent_space_cowboys/datasets/HemoSet/pig9/imgs/001151.png,/work/cvcs2026/latent_space_cowboys/datasets/HemoSet/pig9/labels/001151_mask.png,pig9
/work/cvcs2026/latent_space_cowboys/datasets/HemoSet/pig9/imgs/001167.png,/work/cvcs2026/latent_space_cowboys/datasets/HemoSet/pig9/labels/001167_mask.png,pig9
/work/cvcs2026/latent_space_cowboys/datasets/HemoSet/pig9/imgs/001183.png,/work/cvcs2026/latent_space_cowboys/datasets/HemoSet/pig9/labels/001183_mask.png,pig9
/work/cvcs2026/latent_space_cowboys/datasets/HemoSet/pig9/imgs/001199.png,/work/cvcs2026/latent_space_cowboys/datasets/HemoSet/pig9/labels/001199_mask.png,pig9
/work/cvcs2026/latent_space_cowboys/datasets/HemoSet/pig9/imgs/001215.png,/work/cvcs2026/latent_space_cowboys/datasets/HemoSet/pig9/labels/001215_mask.png,pig9
/work/cvcs2026/latent_space_cowboys/datasets/HemoSet/pig9/imgs/001231.png,/work/cvcs2026/latent_space_cowboys/datasets/HemoSet/pig9/labels/001231_mask.png,pig9
/work/cvcs2026/latent_space_cowboys/datasets/HemoSet/pig9/imgs/001247.png,/work/cvcs2026/latent_space_cowboys/datasets/HemoSet/pig9/labels/001247_mask.png,pig9
/work/cvcs2026/latent_space_cowboys/datasets/HemoSet/pig9/imgs/001263.png,/work/cvcs2026/latent_space_cowboys/datasets/HemoSet/pig9/labels/001263_mask.png,pig9
/work/cvcs2026/latent_space_cowboys/datasets/HemoSet/pig9/imgs/001279.png,/work/cvcs2026/latent_space_cowboys/datasets/HemoSet/pig9/labels/001279_mask.png,pig9
/work/cvcs2026/latent_space_cowboys/datasets/HemoSet/pig9/imgs/001295.png,/work/cvcs2026/latent_space_cowboys/datasets/HemoSet/pig9/labels/001295_mask.png,pig9
/work/cvcs2026/latent_space_cowboys/datasets/HemoSet/pig9/imgs/001311.png,/work/cvcs2026/latent_space_cowboys/datasets/HemoSet/pig9/labels/001311_mask.png,pig9
/work/cvcs2026/latent_space_cowboys/datasets/HemoSet/pig9/imgs/001327.png,/work/cvcs2026/latent_space_cowboys/datasets/HemoSet/pig9/labels/001327_mask.png,pig9
/work/cvcs2026/latent_space_cowboys/datasets/HemoSet/pig9/imgs/001343.png,/work/cvcs2026/latent_space_cowboys/datasets/HemoSet/pig9/labels/001343_mask.png,pig9
/work/cvcs2026/latent_space_cowboys/datasets/HemoSet/pig9/imgs/001359.png,/work/cvcs2026/latent_space_cowboys/datasets/HemoSet/pig9/labels/001359_mask.png,pig9
/work/cvcs2026/latent_space_cowboys/datasets/HemoSet/pig9/imgs/001375.png,/work/cvcs2026/latent_space_cowboys/datasets/HemoSet/pig9/labels/001375_mask.png,pig9
/work/cvcs2026/latent_space_cowboys/datasets/HemoSet/pig9/imgs/001391.png,/work/cvcs2026/latent_space_cowboys/datasets/HemoSet/pig9/labels/001391_mask.png,pig9
/work/cvcs2026/latent_space_cowboys/datasets/HemoSet/pig9/imgs/001407.png,/work/cvcs2026/latent_space_cowboys/datasets/HemoSet/pig9/labels/001407_mask.png,pig9
/work/cvcs2026/latent_space_cowboys/datasets/HemoSet/pig9/imgs/001423.png,/work/cvcs2026/latent_space_cowboys/datasets/HemoSet/pig9/labels/001423_mask.png,pig9
/work/cvcs2026/latent_space_cowboys/datasets/HemoSet/pig9/imgs/001439.png,/work/cvcs2026/latent_space_cowboys/datasets/HemoSet/pig9/labels/001439_mask.png,pig9
/work/cvcs2026/latent_space_cowboys/datasets/HemoSet/pig9/imgs/001455.png,/work/cvcs2026/latent_space_cowboys/datasets/HemoSet/pig9/labels/001455_mask.png,pig9
/work/cvcs2026/latent_space_cowboys/datasets/HemoSet/pig9/imgs/001471.png,/work/cvcs2026/latent_space_cowboys/datasets/HemoSet/pig9/labels/001471_mask.png,pig9
/work/cvcs2026/latent_space_cowboys/datasets/HemoSet/pig9/imgs/001487.png,/work/cvcs2026/latent_space_cowboys/datasets/HemoSet/pig9/labels/001487_mask.png,pig9
/work/cvcs2026/latent_space_cowboys/datasets/HemoSet/pig9/imgs/001503.png,/work/cvcs2026/latent_space_cowboys/datasets/HemoSet/pig9/labels/001503_mask.png,pig9
/work/cvcs2026/latent_space_cowboys/datasets/HemoSet/pig9/imgs/001519.png,/work/cvcs2026/latent_space_cowboys/datasets/HemoSet/pig9/labels/001519_mask.png,pig9
/work/cvcs2026/latent_space_cowboys/datasets/HemoSet/pig9/imgs/001535.png,/work/cvcs2026/latent_space_cowboys/datasets/HemoSet/pig9/labels/001535_mask.png,pig9
/work/cvcs2026/latent_space_cowboys/datasets/HemoSet/pig9/imgs/001551.png,/work/cvcs2026/latent_space_cowboys/datasets/HemoSet/pig9/labels/001551_mask.png,pig9
/work/cvcs2026/latent_space_cowboys/datasets/HemoSet/pig9/imgs/001567.png,/work/cvcs2026/latent_space_cowboys/datasets/HemoSet/pig9/labels/001567_mask.png,pig9
/work/cvcs2026/latent_space_cowboys/datasets/HemoSet/pig9/imgs/001583.png,/work/cvcs2026/latent_space_cowboys/datasets/HemoSet/pig9/labels/001583_mask.png,pig9
/work/cvcs2026/latent_space_cowboys/datasets/HemoSet/pig9/imgs/001599.png,/work/cvcs2026/latent_space_cowboys/datasets/HemoSet/pig9/labels/001599_mask.png,pig9
/work/cvcs2026/latent_space_cowboys/datasets/HemoSet/pig9/imgs/001615.png,/work/cvcs2026/latent_space_cowboys/datasets/HemoSet/pig9/labels/001615_mask.png,pig9
/work/cvcs2026/latent_space_cowboys/datasets/HemoSet/pig9/imgs/001631.png,/work/cvcs2026/latent_space_cowboys/datasets/HemoSet/pig9/labels/001631_mask.png,pig9
/work/cvcs2026/latent_space_cowboys/datasets/HemoSet/pig9/imgs/001647.png,/work/cvcs2026/latent_space_cowboys/datasets/HemoSet/pig9/labels/001647_mask.png,pig9
/work/cvcs2026/latent_space_cowboys/datasets/HemoSet/pig9/imgs/001663.png,/work/cvcs2026/latent_space_cowboys/datasets/HemoSet/pig9/labels/001663_mask.png,pig9
/work/cvcs2026/latent_space_cowboys/datasets/HemoSet/pig9/imgs/001679.png,/work/cvcs2026/latent_space_cowboys/datasets/HemoSet/pig9/labels/001679_mask.png,pig9
/work/cvcs2026/latent_space_cowboys/datasets/HemoSet/pig9/imgs/001695.png,/work/cvcs2026/latent_space_cowboys/datasets/HemoSet/pig9/labels/001695_mask.png,pig9
/work/cvcs2026/latent_space_cowboys/datasets/HemoSet/pig9/imgs/001711.png,/work/cvcs2026/latent_space_cowboys/datasets/HemoSet/pig9/labels/001711_mask.png,pig9
/work/cvcs2026/latent_space_cowboys/datasets/HemoSet/pig9/imgs/001727.png,/work/cvcs2026/latent_space_cowboys/datasets/HemoSet/pig9/labels/001727_mask.png,pig9
/work/cvcs2026/latent_space_cowboys/datasets/HemoSet/pig9/imgs/001743.png,/work/cvcs2026/latent_space_cowboys/datasets/HemoSet/pig9/labels/001743_mask.png,pig9
/work/cvcs2026/latent_space_cowboys/datasets/HemoSet/pig9/imgs/001759.png,/work/cvcs2026/latent_space_cowboys/datasets/HemoSet/pig9/labels/001759_mask.png,pig9
/work/cvcs2026/latent_space_cowboys/datasets/HemoSet/pig9/imgs/001775.png,/work/cvcs2026/latent_space_cowboys/datasets/HemoSet/pig9/labels/001775_mask.png,pig9
/work/cvcs2026/latent_space_cowboys/datasets/HemoSet/pig9/imgs/001791.png,/work/cvcs2026/latent_space_cowboys/datasets/HemoSet/pig9/labels/001791_mask.png,pig9
/work/cvcs2026/latent_space_cowboys/datasets/HemoSet/pig9/imgs/001807.png,/work/cvcs2026/latent_space_cowboys/datasets/HemoSet/pig9/labels/001807_mask.png,pig9
/work/cvcs2026/latent_space_cowboys/datasets/HemoSet/pig9/imgs/001823.png,/work/cvcs2026/latent_space_cowboys/datasets/HemoSet/pig9/labels/001823_mask.png,pig9
/work/cvcs2026/latent_space_cowboys/datasets/HemoSet/pig9/imgs/001839.png,/work/cvcs2026/latent_space_cowboys/datasets/HemoSet/pig9/labels/001839_mask.png,pig9
/work/cvcs2026/latent_space_cowboys/datasets/HemoSet/pig9/imgs/001855.png,/work/cvcs2026/latent_space_cowboys/datasets/HemoSet/pig9/labels/001855_mask.png,pig9
/work/cvcs2026/latent_space_cowboys/datasets/HemoSet/pig9/imgs/001871.png,/work/cvcs2026/latent_space_cowboys/datasets/HemoSet/pig9/labels/001871_mask.png,pig9
/work/cvcs2026/latent_space_cowboys/datasets/HemoSet/pig9/imgs/001887.png,/work/cvcs2026/latent_space_cowboys/datasets/HemoSet/pig9/labels/001887_mask.png,pig9
/work/cvcs2026/latent_space_cowboys/datasets/HemoSet/pig9/imgs/001903.png,/work/cvcs2026/latent_space_cowboys/datasets/HemoSet/pig9/labels/001903_mask.png,pig9
/work/cvcs2026/latent_space_cowboys/datasets/HemoSet/pig9/imgs/001919.png,/work/cvcs2026/latent_space_cowboys/datasets/HemoSet/pig9/labels/001919_mask.png,pig9
/work/cvcs2026/latent_space_cowboys/datasets/HemoSet/pig9/imgs/001935.png,/work/cvcs2026/latent_space_cowboys/datasets/HemoSet/pig9/labels/001935_mask.png,pig9
/work/cvcs2026/latent_space_cowboys/datasets/HemoSet/pig9/imgs/001951.png,/work/cvcs2026/latent_space_cowboys/datasets/HemoSet/pig9/labels/001951_mask.png,pig9
/work/cvcs2026/latent_space_cowboys/datasets/HemoSet/pig9/imgs/001967.png,/work/cvcs2026/latent_space_cowboys/datasets/HemoSet/pig9/labels/001967_mask.png,pig9
/work/cvcs2026/latent_space_cowboys/datasets/HemoSet/pig9/imgs/001983.png,/work/cvcs2026/latent_space_cowboys/datasets/HemoSet/pig9/labels/001983_mask.png,pig9
/work/cvcs2026/latent_space_cowboys/datasets/HemoSet/pig9/imgs/001999.png,/work/cvcs2026/latent_space_cowboys/datasets/HemoSet/pig9/labels/001999_mask.png,pig9
/work/cvcs2026/latent_space_cowboys/datasets/HemoSet/pig9/imgs/002015.png,/work/cvcs2026/latent_space_cowboys/datasets/HemoSet/pig9/labels/002015_mask.png,pig9
/work/cvcs2026/latent_space_cowboys/datasets/HemoSet/pig9/imgs/002031.png,/work/cvcs2026/latent_space_cowboys/datasets/HemoSet/pig9/labels/002031_mask.png,pig9
/work/cvcs2026/latent_space_cowboys/datasets/HemoSet/pig9/imgs/002047.png,/work/cvcs2026/latent_space_cowboys/datasets/HemoSet/pig9/labels/002047_mask.png,pig9
/work/cvcs2026/latent_space_cowboys/datasets/HemoSet/pig9/imgs/002063.png,/work/cvcs2026/latent_space_cowboys/datasets/HemoSet/pig9/labels/002063_mask.png,pig9
/work/cvcs2026/latent_space_cowboys/datasets/HemoSet/pig9/imgs/002079.png,/work/cvcs2026/latent_space_cowboys/datasets/HemoSet/pig9/labels/002079_mask.png,pig9
/work/cvcs2026/latent_space_cowboys/datasets/HemoSet/pig9/imgs/002095.png,/work/cvcs2026/latent_space_cowboys/datasets/HemoSet/pig9/labels/002095_mask.png,pig9
/work/cvcs2026/latent_space_cowboys/datasets/HemoSet/pig9/imgs/002111.png,/work/cvcs2026/latent_space_cowboys/datasets/HemoSet/pig9/labels/002111_mask.png,pig9
/work/cvcs2026/latent_space_cowboys/datasets/HemoSet/pig9/imgs/002127.png,/work/cvcs2026/latent_space_cowboys/datasets/HemoSet/pig9/labels/002127_mask.png,pig9
/work/cvcs2026/latent_space_cowboys/datasets/HemoSet/pig9/imgs/002143.png,/work/cvcs2026/latent_space_cowboys/datasets/HemoSet/pig9/labels/002143_mask.png,pig9
/work/cvcs2026/latent_space_cowboys/datasets/HemoSet/pig9/imgs/002159.png,/work/cvcs2026/latent_space_cowboys/datasets/HemoSet/pig9/labels/002159_mask.png,pig9
/work/cvcs2026/latent_space_cowboys/datasets/HemoSet/pig9/imgs/002175.png,/work/cvcs2026/latent_space_cowboys/datasets/HemoSet/pig9/labels/002175_mask.png,pig9
/work/cvcs2026/latent_space_cowboys/datasets/HemoSet/pig9/imgs/002191.png,/work/cvcs2026/latent_space_cowboys/datasets/HemoSet/pig9/labels/002191_mask.png,pig9
/work/cvcs2026/latent_space_cowboys/datasets/HemoSet/pig9/imgs/002207.png,/work/cvcs2026/latent_space_cowboys/datasets/HemoSet/pig9/labels/002207_mask.png,pig9
/work/cvcs2026/latent_space_cowboys/datasets/HemoSet/pig9/imgs/002223.png,/work/cvcs2026/latent_space_cowboys/datasets/HemoSet/pig9/labels/002223_mask.png,pig9
/work/cvcs2026/latent_space_cowboys/datasets/HemoSet/pig9/imgs/002239.png,/work/cvcs2026/latent_space_cowboys/datasets/HemoSet/pig9/labels/002239_mask.png,pig9
/work/cvcs2026/latent_space_cowboys/datasets/HemoSet/pig9/imgs/002255.png,/work/cvcs2026/latent_space_cowboys/datasets/HemoSet/pig9/labels/002255_mask.png,pig9
/work/cvcs2026/latent_space_cowboys/datasets/HemoSet/pig9/imgs/002271.png,/work/cvcs2026/latent_space_cowboys/datasets/HemoSet/pig9/labels/002271_mask.png,pig9
/work/cvcs2026/latent_space_cowboys/datasets/HemoSet/pig9/imgs/002287.png,/work/cvcs2026/latent_space_cowboys/datasets/HemoSet/pig9/labels/002287_mask.png,pig9
/work/cvcs2026/latent_space_cowboys/datasets/HemoSet/pig9/imgs/002303.png,/work/cvcs2026/latent_space_cowboys/datasets/HemoSet/pig9/labels/002303_mask.png,pig9
/work/cvcs2026/latent_space_cowboys/datasets/HemoSet/pig9/imgs/002319.png,/work/cvcs2026/latent_space_cowboys/datasets/HemoSet/pig9/labels/002319_mask.png,pig9
/work/cvcs2026/latent_space_cowboys/datasets/HemoSet/pig9/imgs/002335.png,/work/cvcs2026/latent_space_cowboys/datasets/HemoSet/pig9/labels/002335_mask.png,pig9
/work/cvcs2026/latent_space_cowboys/datasets/HemoSet/pig9/imgs/002351.png,/work/cvcs2026/latent_space_cowboys/datasets/HemoSet/pig9/labels/002351_mask.png,pig9
/work/cvcs2026/latent_space_cowboys/datasets/HemoSet/pig9/imgs/002367.png,/work/cvcs2026/latent_space_cowboys/datasets/HemoSet/pig9/labels/002367_mask.png,pig9
/work/cvcs2026/latent_space_cowboys/datasets/HemoSet/pig9/imgs/002383.png,/work/cvcs2026/latent_space_cowboys/datasets/HemoSet/pig9/labels/002383_mask.png,pig9
/work/cvcs2026/latent_space_cowboys/datasets/HemoSet/pig9/imgs/002399.png,/work/cvcs2026/latent_space_cowboys/datasets/HemoSet/pig9/labels/002399_mask.png,pig9
/work/cvcs2026/latent_space_cowboys/datasets/HemoSet/pig9/imgs/002415.png,/work/cvcs2026/latent_space_cowboys/datasets/HemoSet/pig9/labels/002415_mask.png,pig9
/work/cvcs2026/latent_space_cowboys/datasets/HemoSet/pig9/imgs/002431.png,/work/cvcs2026/latent_space_cowboys/datasets/HemoSet/pig9/labels/002431_mask.png,pig9
/work/cvcs2026/latent_space_cowboys/datasets/HemoSet/pig9/imgs/002447.png,/work/cvcs2026/latent_space_cowboys/datasets/HemoSet/pig9/labels/002447_mask.png,pig9
/work/cvcs2026/latent_space_cowboys/datasets/HemoSet/pig9/imgs/002463.png,/work/cvcs2026/latent_space_cowboys/datasets/HemoSet/pig9/labels/002463_mask.png,pig9
/work/cvcs2026/latent_space_cowboys/datasets/HemoSet/pig9/imgs/002479.png,/work/cvcs2026/latent_space_cowboys/datasets/HemoSet/pig9/labels/002479_mask.png,pig9
/work/cvcs2026/latent_space_cowboys/datasets/HemoSet/pig9/imgs/002495.png,/work/cvcs2026/latent_space_cowboys/datasets/HemoSet/pig9/labels/002495_mask.png,pig9
/work/cvcs2026/latent_space_cowboys/datasets/HemoSet/pig9/imgs/002511.png,/work/cvcs2026/latent_space_cowboys/datasets/HemoSet/pig9/labels/002511_mask.png,pig9
/work/cvcs2026/latent_space_cowboys/datasets/HemoSet/pig9/imgs/002527.png,/work/cvcs2026/latent_space_cowboys/datasets/HemoSet/pig9/labels/002527_mask.png,pig9
/work/cvcs2026/latent_space_cowboys/datasets/HemoSet/pig9/imgs/002543.png,/work/cvcs2026/latent_space_cowboys/datasets/HemoSet/pig9/labels/002543_mask.png,pig9
/work/cvcs2026/latent_space_cowboys/datasets/HemoSet/pig9/imgs/002559.png,/work/cvcs2026/latent_space_cowboys/datasets/HemoSet/pig9/labels/002559_mask.png,pig9
/work/cvcs2026/latent_space_cowboys/datasets/HemoSet/pig11/imgs/000000.png,/work/cvcs2026/latent_space_cowboys/datasets/HemoSet/pig11/labels/000000_mask.png,pig11
/work/cvcs2026/latent_space_cowboys/datasets/HemoSet/pig11/imgs/000060.png,/work/cvcs2026/latent_space_cowboys/datasets/HemoSet/pig11/labels/000060_mask.png,pig11
/work/cvcs2026/latent_space_cowboys/datasets/HemoSet/pig11/imgs/000120.png,/work/cvcs2026/latent_space_cowboys/datasets/HemoSet/pig11/labels/000120_mask.png,pig11
/work/cvcs2026/latent_space_cowboys/datasets/HemoSet/pig11/imgs/000180.png,/work/cvcs2026/latent_space_cowboys/datasets/HemoSet/pig11/labels/000180_mask.png,pig11
/work/cvcs2026/latent_space_cowboys/datasets/HemoSet/pig11/imgs/000240.png,/work/cvcs2026/latent_space_cowboys/datasets/HemoSet/pig11/labels/000240_mask.png,pig11
/work/cvcs2026/latent_space_cowboys/datasets/HemoSet/pig11/imgs/000300.png,/work/cvcs2026/latent_space_cowboys/datasets/HemoSet/pig11/labels/000300_mask.png,pig11
/work/cvcs2026/latent_space_cowboys/datasets/HemoSet/pig11/imgs/000360.png,/work/cvcs2026/latent_space_cowboys/datasets/HemoSet/pig11/labels/000360_mask.png,pig11
/work/cvcs2026/latent_space_cowboys/datasets/HemoSet/pig11/imgs/000420.png,/work/cvcs2026/latent_space_cowboys/datasets/HemoSet/pig11/labels/000420_mask.png,pig11
/work/cvcs2026/latent_space_cowboys/datasets/HemoSet/pig11/imgs/000480.png,/work/cvcs2026/latent_space_cowboys/datasets/HemoSet/pig11/labels/000480_mask.png,pig11
/work/cvcs2026/latent_space_cowboys/datasets/HemoSet/pig11/imgs/000540.png,/work/cvcs2026/latent_space_cowboys/datasets/HemoSet/pig11/labels/000540_mask.png,pig11
/work/cvcs2026/latent_space_cowboys/datasets/HemoSet/pig11/imgs/000600.png,/work/cvcs2026/latent_space_cowboys/datasets/HemoSet/pig11/labels/000600_mask.png,pig11
/work/cvcs2026/latent_space_cowboys/datasets/HemoSet/pig11/imgs/000660.png,/work/cvcs2026/latent_space_cowboys/datasets/HemoSet/pig11/labels/000660_mask.png,pig11
/work/cvcs2026/latent_space_cowboys/datasets/HemoSet/pig11/imgs/000720.png,/work/cvcs2026/latent_space_cowboys/datasets/HemoSet/pig11/labels/000720_mask.png,pig11
/work/cvcs2026/latent_space_cowboys/datasets/HemoSet/pig11/imgs/000780.png,/work/cvcs2026/latent_space_cowboys/datasets/HemoSet/pig11/labels/000780_mask.png,pig11
/work/cvcs2026/latent_space_cowboys/datasets/HemoSet/pig11/imgs/000840.png,/work/cvcs2026/latent_space_cowboys/datasets/HemoSet/pig11/labels/000840_mask.png,pig11
/work/cvcs2026/latent_space_cowboys/datasets/HemoSet/pig11/imgs/000900.png,/work/cvcs2026/latent_space_cowboys/datasets/HemoSet/pig11/labels/000900_mask.png,pig11
/work/cvcs2026/latent_space_cowboys/datasets/HemoSet/pig11/imgs/000960.png,/work/cvcs2026/latent_space_cowboys/datasets/HemoSet/pig11/labels/000960_mask.png,pig11
/work/cvcs2026/latent_space_cowboys/datasets/HemoSet/pig11/imgs/001020.png,/work/cvcs2026/latent_space_cowboys/datasets/HemoSet/pig11/labels/001020_mask.png,pig11
/work/cvcs2026/latent_space_cowboys/datasets/HemoSet/pig11/imgs/001080.png,/work/cvcs2026/latent_space_cowboys/datasets/HemoSet/pig11/labels/001080_mask.png,pig11
/work/cvcs2026/latent_space_cowboys/datasets/HemoSet/pig11/imgs/001140.png,/work/cvcs2026/latent_space_cowboys/datasets/HemoSet/pig11/labels/001140_mask.png,pig11
